tensor_name,bits,torch_equal,mae,rmse,max_error,mean_relative_error,cosine_similarity,num_elements
model.embed_tokens.weight,16,True,0.0,0.0,0.0,0.0,1.0,254279680
model.layers.0.linear_attn.dt_bias,16,True,0.0,0.0,0.0,0.0,1.0,16
model.layers.0.linear_attn.A_log,16,True,0.0,0.0,0.0,0.0,1.0,16
model.layers.0.linear_attn.conv1d.weight,16,True,0.0,0.0,0.0,0.0,1.0,24576
model.layers.0.linear_attn.norm.weight,16,True,0.0,0.0,0.0,0.0,1.0,128
model.layers.0.linear_attn.out_proj.weight,16,True,0.0,0.0,0.0,0.0,1.0,2097152
model.layers.0.linear_attn.in_proj_qkv.weight,16,True,0.0,0.0,0.0,0.0,1.0,6291456
model.layers.0.linear_attn.in_proj_z.weight,16,True,0.0,0.0,0.0,0.0,1.0,2097152
model.layers.0.linear_attn.in_proj_b.weight,16,True,0.0,0.0,0.0,0.0,1.0,16384
model.layers.0.linear_attn.in_proj_a.weight,16,True,0.0,0.0,0.0,0.0,1.0,16384
model.layers.0.mlp.gate_proj.weight,16,True,0.0,0.0,0.0,0.0,1.0,3670016
model.layers.0.mlp.up_proj.weight,16,True,0.0,0.0,0.0,0.0,1.0,3670016
model.layers.0.mlp.down_proj.weight,16,True,0.0,0.0,0.0,0.0,1.0,3670016
model.layers.0.input_layernorm.weight,16,True,0.0,0.0,0.0,0.0,1.0,1024
model.layers.0.post_attention_layernorm.weight,16,True,0.0,0.0,0.0,0.0,1.0,1024
model.layers.1.linear_attn.dt_bias,16,True,0.0,0.0,0.0,0.0,1.0,16
model.layers.1.linear_attn.A_log,16,True,0.0,0.0,0.0,0.0,1.0,16
model.layers.1.linear_attn.conv1d.weight,16,True,0.0,0.0,0.0,0.0,1.0,24576
model.layers.1.linear_attn.norm.weight,16,True,0.0,0.0,0.0,0.0,1.0,128
model.layers.1.linear_attn.out_proj.weight,16,True,0.0,0.0,0.0,0.0,1.0,2097152
model.layers.1.linear_attn.in_proj_qkv.weight,16,True,0.0,0.0,0.0,0.0,1.0,6291456
model.layers.1.linear_attn.in_proj_z.weight,16,True,0.0,0.0,0.0,0.0,1.0,2097152
model.layers.1.linear_attn.in_proj_b.weight,16,True,0.0,0.0,0.0,0.0,1.0,16384
model.layers.1.linear_attn.in_proj_a.weight,16,True,0.0,0.0,0.0,0.0,1.0,16384
model.layers.1.mlp.gate_proj.weight,16,True,0.0,0.0,0.0,0.0,1.0,3670016
model.layers.1.mlp.up_proj.weight,16,True,0.0,0.0,0.0,0.0,1.0,3670016
model.layers.1.mlp.down_proj.weight,16,True,0.0,0.0,0.0,0.0,1.0,3670016
model.layers.1.input_layernorm.weight,16,True,0.0,0.0,0.0,0.0,1.0,1024
model.layers.1.post_attention_layernorm.weight,16,True,0.0,0.0,0.0,0.0,1.0,1024
model.layers.2.linear_attn.dt_bias,16,True,0.0,0.0,0.0,0.0,1.0,16
model.layers.2.linear_attn.A_log,16,True,0.0,0.0,0.0,0.0,1.0,16
model.layers.2.linear_attn.conv1d.weight,16,True,0.0,0.0,0.0,0.0,1.0,24576
model.layers.2.linear_attn.norm.weight,16,True,0.0,0.0,0.0,0.0,1.0,128
model.layers.2.linear_attn.out_proj.weight,16,True,0.0,0.0,0.0,0.0,1.0,2097152
model.layers.2.linear_attn.in_proj_qkv.weight,16,True,0.0,0.0,0.0,0.0,1.0,6291456
model.layers.2.linear_attn.in_proj_z.weight,16,True,0.0,0.0,0.0,0.0,1.0,2097152
model.layers.2.linear_attn.in_proj_b.weight,16,True,0.0,0.0,0.0,0.0,1.0,16384
model.layers.2.linear_attn.in_proj_a.weight,16,True,0.0,0.0,0.0,0.0,1.0,16384
model.layers.2.mlp.gate_proj.weight,16,True,0.0,0.0,0.0,0.0,1.0,3670016
model.layers.2.mlp.up_proj.weight,16,True,0.0,0.0,0.0,0.0,1.0,3670016
model.layers.2.mlp.down_proj.weight,16,True,0.0,0.0,0.0,0.0,1.0,3670016
model.layers.2.input_layernorm.weight,16,True,0.0,0.0,0.0,0.0,1.0,1024
model.layers.2.post_attention_layernorm.weight,16,True,0.0,0.0,0.0,0.0,1.0,1024
model.layers.3.self_attn.q_proj.weight,16,True,0.0,0.0,0.0,0.0,1.0,4194304
model.layers.3.self_attn.k_proj.weight,16,True,0.0,0.0,0.0,0.0,1.0,524288
model.layers.3.self_attn.v_proj.weight,16,True,0.0,0.0,0.0,0.0,1.0,524288
model.layers.3.self_attn.o_proj.weight,16,True,0.0,0.0,0.0,0.0,1.0,2097152
model.layers.3.self_attn.q_norm.weight,16,True,0.0,0.0,0.0,0.0,1.0,256
model.layers.3.self_attn.k_norm.weight,16,True,0.0,0.0,0.0,0.0,1.0,256
model.layers.3.mlp.gate_proj.weight,16,True,0.0,0.0,0.0,0.0,1.0,3670016
model.layers.3.mlp.up_proj.weight,16,True,0.0,0.0,0.0,0.0,1.0,3670016
model.layers.3.mlp.down_proj.weight,16,True,0.0,0.0,0.0,0.0,1.0,3670016
model.layers.3.input_layernorm.weight,16,True,0.0,0.0,0.0,0.0,1.0,1024
model.layers.3.post_attention_layernorm.weight,16,True,0.0,0.0,0.0,0.0,1.0,1024
model.layers.4.linear_attn.dt_bias,16,True,0.0,0.0,0.0,0.0,1.0,16
model.layers.4.linear_attn.A_log,16,True,0.0,0.0,0.0,0.0,1.0,16
model.layers.4.linear_attn.conv1d.weight,16,True,0.0,0.0,0.0,0.0,1.0,24576
model.layers.4.linear_attn.norm.weight,16,True,0.0,0.0,0.0,0.0,1.0,128
model.layers.4.linear_attn.out_proj.weight,16,True,0.0,0.0,0.0,0.0,1.0,2097152
model.layers.4.linear_attn.in_proj_qkv.weight,16,True,0.0,0.0,0.0,0.0,1.0,6291456
model.layers.4.linear_attn.in_proj_z.weight,16,True,0.0,0.0,0.0,0.0,1.0,2097152
model.layers.4.linear_attn.in_proj_b.weight,16,True,0.0,0.0,0.0,0.0,1.0,16384
model.layers.4.linear_attn.in_proj_a.weight,16,True,0.0,0.0,0.0,0.0,1.0,16384
model.layers.4.mlp.gate_proj.weight,16,True,0.0,0.0,0.0,0.0,1.0,3670016
model.layers.4.mlp.up_proj.weight,16,True,0.0,0.0,0.0,0.0,1.0,3670016
model.layers.4.mlp.down_proj.weight,16,True,0.0,0.0,0.0,0.0,1.0,3670016
model.layers.4.input_layernorm.weight,16,True,0.0,0.0,0.0,0.0,1.0,1024
model.layers.4.post_attention_layernorm.weight,16,True,0.0,0.0,0.0,0.0,1.0,1024
model.layers.5.linear_attn.dt_bias,16,True,0.0,0.0,0.0,0.0,1.0,16
model.layers.5.linear_attn.A_log,16,True,0.0,0.0,0.0,0.0,1.0,16
model.layers.5.linear_attn.conv1d.weight,16,True,0.0,0.0,0.0,0.0,1.0,24576
model.layers.5.linear_attn.norm.weight,16,True,0.0,0.0,0.0,0.0,1.0,128
model.layers.5.linear_attn.out_proj.weight,16,True,0.0,0.0,0.0,0.0,1.0,2097152
model.layers.5.linear_attn.in_proj_qkv.weight,16,True,0.0,0.0,0.0,0.0,1.0,6291456
model.layers.5.linear_attn.in_proj_z.weight,16,True,0.0,0.0,0.0,0.0,1.0,2097152
model.layers.5.linear_attn.in_proj_b.weight,16,True,0.0,0.0,0.0,0.0,1.0,16384
model.layers.5.linear_attn.in_proj_a.weight,16,True,0.0,0.0,0.0,0.0,1.0,16384
model.layers.5.mlp.gate_proj.weight,16,True,0.0,0.0,0.0,0.0,1.0,3670016
model.layers.5.mlp.up_proj.weight,16,True,0.0,0.0,0.0,0.0,1.0,3670016
model.layers.5.mlp.down_proj.weight,16,True,0.0,0.0,0.0,0.0,1.0,3670016
model.layers.5.input_layernorm.weight,16,True,0.0,0.0,0.0,0.0,1.0,1024
model.layers.5.post_attention_layernorm.weight,16,True,0.0,0.0,0.0,0.0,1.0,1024
model.layers.6.linear_attn.dt_bias,16,True,0.0,0.0,0.0,0.0,1.0,16
model.layers.6.linear_attn.A_log,16,True,0.0,0.0,0.0,0.0,1.0,16
model.layers.6.linear_attn.conv1d.weight,16,True,0.0,0.0,0.0,0.0,1.0,24576
model.layers.6.linear_attn.norm.weight,16,True,0.0,0.0,0.0,0.0,1.0,128
model.layers.6.linear_attn.out_proj.weight,16,True,0.0,0.0,0.0,0.0,1.0,2097152
model.layers.6.linear_attn.in_proj_qkv.weight,16,True,0.0,0.0,0.0,0.0,1.0,6291456
model.layers.6.linear_attn.in_proj_z.weight,16,True,0.0,0.0,0.0,0.0,1.0,2097152
model.layers.6.linear_attn.in_proj_b.weight,16,True,0.0,0.0,0.0,0.0,1.0,16384
model.layers.6.linear_attn.in_proj_a.weight,16,True,0.0,0.0,0.0,0.0,1.0,16384
model.layers.6.mlp.gate_proj.weight,16,True,0.0,0.0,0.0,0.0,1.0,3670016
model.layers.6.mlp.up_proj.weight,16,True,0.0,0.0,0.0,0.0,1.0,3670016
model.layers.6.mlp.down_proj.weight,16,True,0.0,0.0,0.0,0.0,1.0,3670016
model.layers.6.input_layernorm.weight,16,True,0.0,0.0,0.0,0.0,1.0,1024
model.layers.6.post_attention_layernorm.weight,16,True,0.0,0.0,0.0,0.0,1.0,1024
model.layers.7.self_attn.q_proj.weight,16,True,0.0,0.0,0.0,0.0,1.0,4194304
model.layers.7.self_attn.k_proj.weight,16,True,0.0,0.0,0.0,0.0,1.0,524288
model.layers.7.self_attn.v_proj.weight,16,True,0.0,0.0,0.0,0.0,1.0,524288
model.layers.7.self_attn.o_proj.weight,16,True,0.0,0.0,0.0,0.0,1.0,2097152
model.layers.7.self_attn.q_norm.weight,16,True,0.0,0.0,0.0,0.0,1.0,256
model.layers.7.self_attn.k_norm.weight,16,True,0.0,0.0,0.0,0.0,1.0,256
model.layers.7.mlp.gate_proj.weight,16,True,0.0,0.0,0.0,0.0,1.0,3670016
model.layers.7.mlp.up_proj.weight,16,True,0.0,0.0,0.0,0.0,1.0,3670016
model.layers.7.mlp.down_proj.weight,16,True,0.0,0.0,0.0,0.0,1.0,3670016
model.layers.7.input_layernorm.weight,16,True,0.0,0.0,0.0,0.0,1.0,1024
model.layers.7.post_attention_layernorm.weight,16,True,0.0,0.0,0.0,0.0,1.0,1024
model.layers.8.linear_attn.dt_bias,16,True,0.0,0.0,0.0,0.0,1.0,16
model.layers.8.linear_attn.A_log,16,True,0.0,0.0,0.0,0.0,1.0,16
model.layers.8.linear_attn.conv1d.weight,16,True,0.0,0.0,0.0,0.0,1.0,24576
model.layers.8.linear_attn.norm.weight,16,True,0.0,0.0,0.0,0.0,1.0,128
model.layers.8.linear_attn.out_proj.weight,16,True,0.0,0.0,0.0,0.0,1.0,2097152
model.layers.8.linear_attn.in_proj_qkv.weight,16,True,0.0,0.0,0.0,0.0,1.0,6291456
model.layers.8.linear_attn.in_proj_z.weight,16,True,0.0,0.0,0.0,0.0,1.0,2097152
model.layers.8.linear_attn.in_proj_b.weight,16,True,0.0,0.0,0.0,0.0,1.0,16384
model.layers.8.linear_attn.in_proj_a.weight,16,True,0.0,0.0,0.0,0.0,1.0,16384
model.layers.8.mlp.gate_proj.weight,16,True,0.0,0.0,0.0,0.0,1.0,3670016
model.layers.8.mlp.up_proj.weight,16,True,0.0,0.0,0.0,0.0,1.0,3670016
model.layers.8.mlp.down_proj.weight,16,True,0.0,0.0,0.0,0.0,1.0,3670016
model.layers.8.input_layernorm.weight,16,True,0.0,0.0,0.0,0.0,1.0,1024
model.layers.8.post_attention_layernorm.weight,16,True,0.0,0.0,0.0,0.0,1.0,1024
model.layers.9.linear_attn.dt_bias,16,True,0.0,0.0,0.0,0.0,1.0,16
model.layers.9.linear_attn.A_log,16,True,0.0,0.0,0.0,0.0,1.0,16
model.layers.9.linear_attn.conv1d.weight,16,True,0.0,0.0,0.0,0.0,1.0,24576
model.layers.9.linear_attn.norm.weight,16,True,0.0,0.0,0.0,0.0,1.0,128
model.layers.9.linear_attn.out_proj.weight,16,True,0.0,0.0,0.0,0.0,1.0,2097152
model.layers.9.linear_attn.in_proj_qkv.weight,16,True,0.0,0.0,0.0,0.0,1.0,6291456
model.layers.9.linear_attn.in_proj_z.weight,16,True,0.0,0.0,0.0,0.0,1.0,2097152
model.layers.9.linear_attn.in_proj_b.weight,16,True,0.0,0.0,0.0,0.0,1.0,16384
model.layers.9.linear_attn.in_proj_a.weight,16,True,0.0,0.0,0.0,0.0,1.0,16384
model.layers.9.mlp.gate_proj.weight,16,True,0.0,0.0,0.0,0.0,1.0,3670016
model.layers.9.mlp.up_proj.weight,16,True,0.0,0.0,0.0,0.0,1.0,3670016
model.layers.9.mlp.down_proj.weight,16,True,0.0,0.0,0.0,0.0,1.0,3670016
model.layers.9.input_layernorm.weight,16,True,0.0,0.0,0.0,0.0,1.0,1024
model.layers.9.post_attention_layernorm.weight,16,True,0.0,0.0,0.0,0.0,1.0,1024
model.layers.10.linear_attn.dt_bias,16,True,0.0,0.0,0.0,0.0,1.0,16
model.layers.10.linear_attn.A_log,16,True,0.0,0.0,0.0,0.0,1.0,16
model.layers.10.linear_attn.conv1d.weight,16,True,0.0,0.0,0.0,0.0,1.0,24576
model.layers.10.linear_attn.norm.weight,16,True,0.0,0.0,0.0,0.0,1.0,128
model.layers.10.linear_attn.out_proj.weight,16,True,0.0,0.0,0.0,0.0,1.0,2097152
model.layers.10.linear_attn.in_proj_qkv.weight,16,True,0.0,0.0,0.0,0.0,1.0,6291456
model.layers.10.linear_attn.in_proj_z.weight,16,True,0.0,0.0,0.0,0.0,1.0,2097152
model.layers.10.linear_attn.in_proj_b.weight,16,True,0.0,0.0,0.0,0.0,1.0,16384
model.layers.10.linear_attn.in_proj_a.weight,16,True,0.0,0.0,0.0,0.0,1.0,16384
model.layers.10.mlp.gate_proj.weight,16,True,0.0,0.0,0.0,0.0,1.0,3670016
model.layers.10.mlp.up_proj.weight,16,True,0.0,0.0,0.0,0.0,1.0,3670016
model.layers.10.mlp.down_proj.weight,16,True,0.0,0.0,0.0,0.0,1.0,3670016
model.layers.10.input_layernorm.weight,16,True,0.0,0.0,0.0,0.0,1.0,1024
model.layers.10.post_attention_layernorm.weight,16,True,0.0,0.0,0.0,0.0,1.0,1024
model.layers.11.self_attn.q_proj.weight,16,True,0.0,0.0,0.0,0.0,1.0,4194304
model.layers.11.self_attn.k_proj.weight,16,True,0.0,0.0,0.0,0.0,1.0,524288
model.layers.11.self_attn.v_proj.weight,16,True,0.0,0.0,0.0,0.0,1.0,524288
model.layers.11.self_attn.o_proj.weight,16,True,0.0,0.0,0.0,0.0,1.0,2097152
model.layers.11.self_attn.q_norm.weight,16,True,0.0,0.0,0.0,0.0,1.0,256
model.layers.11.self_attn.k_norm.weight,16,True,0.0,0.0,0.0,0.0,1.0,256
model.layers.11.mlp.gate_proj.weight,16,True,0.0,0.0,0.0,0.0,1.0,3670016
model.layers.11.mlp.up_proj.weight,16,True,0.0,0.0,0.0,0.0,1.0,3670016
model.layers.11.mlp.down_proj.weight,16,True,0.0,0.0,0.0,0.0,1.0,3670016
model.layers.11.input_layernorm.weight,16,True,0.0,0.0,0.0,0.0,1.0,1024
model.layers.11.post_attention_layernorm.weight,16,True,0.0,0.0,0.0,0.0,1.0,1024
model.layers.12.linear_attn.dt_bias,16,True,0.0,0.0,0.0,0.0,1.0,16
model.layers.12.linear_attn.A_log,16,True,0.0,0.0,0.0,0.0,1.0,16
model.layers.12.linear_attn.conv1d.weight,16,True,0.0,0.0,0.0,0.0,1.0,24576
model.layers.12.linear_attn.norm.weight,16,True,0.0,0.0,0.0,0.0,1.0,128
model.layers.12.linear_attn.out_proj.weight,16,True,0.0,0.0,0.0,0.0,1.0,2097152
model.layers.12.linear_attn.in_proj_qkv.weight,16,True,0.0,0.0,0.0,0.0,1.0,6291456
model.layers.12.linear_attn.in_proj_z.weight,16,True,0.0,0.0,0.0,0.0,1.0,2097152
model.layers.12.linear_attn.in_proj_b.weight,16,True,0.0,0.0,0.0,0.0,1.0,16384
model.layers.12.linear_attn.in_proj_a.weight,16,True,0.0,0.0,0.0,0.0,1.0,16384
model.layers.12.mlp.gate_proj.weight,16,True,0.0,0.0,0.0,0.0,1.0,3670016
model.layers.12.mlp.up_proj.weight,16,True,0.0,0.0,0.0,0.0,1.0,3670016
model.layers.12.mlp.down_proj.weight,16,True,0.0,0.0,0.0,0.0,1.0,3670016
model.layers.12.input_layernorm.weight,16,True,0.0,0.0,0.0,0.0,1.0,1024
model.layers.12.post_attention_layernorm.weight,16,True,0.0,0.0,0.0,0.0,1.0,1024
model.layers.13.linear_attn.dt_bias,16,True,0.0,0.0,0.0,0.0,1.0,16
model.layers.13.linear_attn.A_log,16,True,0.0,0.0,0.0,0.0,1.0,16
model.layers.13.linear_attn.conv1d.weight,16,True,0.0,0.0,0.0,0.0,1.0,24576
model.layers.13.linear_attn.norm.weight,16,True,0.0,0.0,0.0,0.0,1.0,128
model.layers.13.linear_attn.out_proj.weight,16,True,0.0,0.0,0.0,0.0,1.0,2097152
model.layers.13.linear_attn.in_proj_qkv.weight,16,True,0.0,0.0,0.0,0.0,1.0,6291456
model.layers.13.linear_attn.in_proj_z.weight,16,True,0.0,0.0,0.0,0.0,1.0,2097152
model.layers.13.linear_attn.in_proj_b.weight,16,True,0.0,0.0,0.0,0.0,1.0,16384
model.layers.13.linear_attn.in_proj_a.weight,16,True,0.0,0.0,0.0,0.0,1.0,16384
model.layers.13.mlp.gate_proj.weight,16,True,0.0,0.0,0.0,0.0,1.0,3670016
model.layers.13.mlp.up_proj.weight,16,True,0.0,0.0,0.0,0.0,1.0,3670016
model.layers.13.mlp.down_proj.weight,16,True,0.0,0.0,0.0,0.0,1.0,3670016
model.layers.13.input_layernorm.weight,16,True,0.0,0.0,0.0,0.0,1.0,1024
model.layers.13.post_attention_layernorm.weight,16,True,0.0,0.0,0.0,0.0,1.0,1024
model.layers.14.linear_attn.dt_bias,16,True,0.0,0.0,0.0,0.0,1.0,16
model.layers.14.linear_attn.A_log,16,True,0.0,0.0,0.0,0.0,1.0,16
model.layers.14.linear_attn.conv1d.weight,16,True,0.0,0.0,0.0,0.0,1.0,24576
model.layers.14.linear_attn.norm.weight,16,True,0.0,0.0,0.0,0.0,1.0,128
model.layers.14.linear_attn.out_proj.weight,16,True,0.0,0.0,0.0,0.0,1.0,2097152
model.layers.14.linear_attn.in_proj_qkv.weight,16,True,0.0,0.0,0.0,0.0,1.0,6291456
model.layers.14.linear_attn.in_proj_z.weight,16,True,0.0,0.0,0.0,0.0,1.0,2097152
model.layers.14.linear_attn.in_proj_b.weight,16,True,0.0,0.0,0.0,0.0,1.0,16384
model.layers.14.linear_attn.in_proj_a.weight,16,True,0.0,0.0,0.0,0.0,1.0,16384
model.layers.14.mlp.gate_proj.weight,16,True,0.0,0.0,0.0,0.0,1.0,3670016
model.layers.14.mlp.up_proj.weight,16,True,0.0,0.0,0.0,0.0,1.0,3670016
model.layers.14.mlp.down_proj.weight,16,True,0.0,0.0,0.0,0.0,1.0,3670016
model.layers.14.input_layernorm.weight,16,True,0.0,0.0,0.0,0.0,1.0,1024
model.layers.14.post_attention_layernorm.weight,16,True,0.0,0.0,0.0,0.0,1.0,1024
model.layers.15.self_attn.q_proj.weight,16,True,0.0,0.0,0.0,0.0,1.0,4194304
model.layers.15.self_attn.k_proj.weight,16,True,0.0,0.0,0.0,0.0,1.0,524288
model.layers.15.self_attn.v_proj.weight,16,True,0.0,0.0,0.0,0.0,1.0,524288
model.layers.15.self_attn.o_proj.weight,16,True,0.0,0.0,0.0,0.0,1.0,2097152
model.layers.15.self_attn.q_norm.weight,16,True,0.0,0.0,0.0,0.0,1.0,256
model.layers.15.self_attn.k_norm.weight,16,True,0.0,0.0,0.0,0.0,1.0,256
model.layers.15.mlp.gate_proj.weight,16,True,0.0,0.0,0.0,0.0,1.0,3670016
model.layers.15.mlp.up_proj.weight,16,True,0.0,0.0,0.0,0.0,1.0,3670016
model.layers.15.mlp.down_proj.weight,16,True,0.0,0.0,0.0,0.0,1.0,3670016
model.layers.15.input_layernorm.weight,16,True,0.0,0.0,0.0,0.0,1.0,1024
model.layers.15.post_attention_layernorm.weight,16,True,0.0,0.0,0.0,0.0,1.0,1024
model.layers.16.linear_attn.dt_bias,16,True,0.0,0.0,0.0,0.0,1.0,16
model.layers.16.linear_attn.A_log,16,True,0.0,0.0,0.0,0.0,1.0,16
model.layers.16.linear_attn.conv1d.weight,16,True,0.0,0.0,0.0,0.0,1.0,24576
model.layers.16.linear_attn.norm.weight,16,True,0.0,0.0,0.0,0.0,1.0,128
model.layers.16.linear_attn.out_proj.weight,16,True,0.0,0.0,0.0,0.0,1.0,2097152
model.layers.16.linear_attn.in_proj_qkv.weight,16,True,0.0,0.0,0.0,0.0,1.0,6291456
model.layers.16.linear_attn.in_proj_z.weight,16,True,0.0,0.0,0.0,0.0,1.0,2097152
model.layers.16.linear_attn.in_proj_b.weight,16,True,0.0,0.0,0.0,0.0,1.0,16384
model.layers.16.linear_attn.in_proj_a.weight,16,True,0.0,0.0,0.0,0.0,1.0,16384
model.layers.16.mlp.gate_proj.weight,16,True,0.0,0.0,0.0,0.0,1.0,3670016
model.layers.16.mlp.up_proj.weight,16,True,0.0,0.0,0.0,0.0,1.0,3670016
model.layers.16.mlp.down_proj.weight,16,True,0.0,0.0,0.0,0.0,1.0,3670016
model.layers.16.input_layernorm.weight,16,True,0.0,0.0,0.0,0.0,1.0,1024
model.layers.16.post_attention_layernorm.weight,16,True,0.0,0.0,0.0,0.0,1.0,1024
model.layers.17.linear_attn.dt_bias,16,True,0.0,0.0,0.0,0.0,1.0,16
model.layers.17.linear_attn.A_log,16,True,0.0,0.0,0.0,0.0,1.0,16
model.layers.17.linear_attn.conv1d.weight,16,True,0.0,0.0,0.0,0.0,1.0,24576
model.layers.17.linear_attn.norm.weight,16,True,0.0,0.0,0.0,0.0,1.0,128
model.layers.17.linear_attn.out_proj.weight,16,True,0.0,0.0,0.0,0.0,1.0,2097152
model.layers.17.linear_attn.in_proj_qkv.weight,16,True,0.0,0.0,0.0,0.0,1.0,6291456
model.layers.17.linear_attn.in_proj_z.weight,16,True,0.0,0.0,0.0,0.0,1.0,2097152
model.layers.17.linear_attn.in_proj_b.weight,16,True,0.0,0.0,0.0,0.0,1.0,16384
model.layers.17.linear_attn.in_proj_a.weight,16,True,0.0,0.0,0.0,0.0,1.0,16384
model.layers.17.mlp.gate_proj.weight,16,True,0.0,0.0,0.0,0.0,1.0,3670016
model.layers.17.mlp.up_proj.weight,16,True,0.0,0.0,0.0,0.0,1.0,3670016
model.layers.17.mlp.down_proj.weight,16,True,0.0,0.0,0.0,0.0,1.0,3670016
model.layers.17.input_layernorm.weight,16,True,0.0,0.0,0.0,0.0,1.0,1024
model.layers.17.post_attention_layernorm.weight,16,True,0.0,0.0,0.0,0.0,1.0,1024
model.layers.18.linear_attn.dt_bias,16,True,0.0,0.0,0.0,0.0,1.0,16
model.layers.18.linear_attn.A_log,16,True,0.0,0.0,0.0,0.0,1.0,16
model.layers.18.linear_attn.conv1d.weight,16,True,0.0,0.0,0.0,0.0,1.0,24576
model.layers.18.linear_attn.norm.weight,16,True,0.0,0.0,0.0,0.0,1.0,128
model.layers.18.linear_attn.out_proj.weight,16,True,0.0,0.0,0.0,0.0,1.0,2097152
model.layers.18.linear_attn.in_proj_qkv.weight,16,True,0.0,0.0,0.0,0.0,1.0,6291456
model.layers.18.linear_attn.in_proj_z.weight,16,True,0.0,0.0,0.0,0.0,1.0,2097152
model.layers.18.linear_attn.in_proj_b.weight,16,True,0.0,0.0,0.0,0.0,1.0,16384
model.layers.18.linear_attn.in_proj_a.weight,16,True,0.0,0.0,0.0,0.0,1.0,16384
model.layers.18.mlp.gate_proj.weight,16,True,0.0,0.0,0.0,0.0,1.0,3670016
model.layers.18.mlp.up_proj.weight,16,True,0.0,0.0,0.0,0.0,1.0,3670016
model.layers.18.mlp.down_proj.weight,16,True,0.0,0.0,0.0,0.0,1.0,3670016
model.layers.18.input_layernorm.weight,16,True,0.0,0.0,0.0,0.0,1.0,1024
model.layers.18.post_attention_layernorm.weight,16,True,0.0,0.0,0.0,0.0,1.0,1024
model.layers.19.self_attn.q_proj.weight,16,True,0.0,0.0,0.0,0.0,1.0,4194304
model.layers.19.self_attn.k_proj.weight,16,True,0.0,0.0,0.0,0.0,1.0,524288
model.layers.19.self_attn.v_proj.weight,16,True,0.0,0.0,0.0,0.0,1.0,524288
model.layers.19.self_attn.o_proj.weight,16,True,0.0,0.0,0.0,0.0,1.0,2097152
model.layers.19.self_attn.q_norm.weight,16,True,0.0,0.0,0.0,0.0,1.0,256
model.layers.19.self_attn.k_norm.weight,16,True,0.0,0.0,0.0,0.0,1.0,256
model.layers.19.mlp.gate_proj.weight,16,True,0.0,0.0,0.0,0.0,1.0,3670016
model.layers.19.mlp.up_proj.weight,16,True,0.0,0.0,0.0,0.0,1.0,3670016
model.layers.19.mlp.down_proj.weight,16,True,0.0,0.0,0.0,0.0,1.0,3670016
model.layers.19.input_layernorm.weight,16,True,0.0,0.0,0.0,0.0,1.0,1024
model.layers.19.post_attention_layernorm.weight,16,True,0.0,0.0,0.0,0.0,1.0,1024
model.layers.20.linear_attn.dt_bias,16,True,0.0,0.0,0.0,0.0,1.0,16
model.layers.20.linear_attn.A_log,16,True,0.0,0.0,0.0,0.0,1.0,16
model.layers.20.linear_attn.conv1d.weight,16,True,0.0,0.0,0.0,0.0,1.0,24576
model.layers.20.linear_attn.norm.weight,16,True,0.0,0.0,0.0,0.0,1.0,128
model.layers.20.linear_attn.out_proj.weight,16,True,0.0,0.0,0.0,0.0,1.0,2097152
model.layers.20.linear_attn.in_proj_qkv.weight,16,True,0.0,0.0,0.0,0.0,1.0,6291456
model.layers.20.linear_attn.in_proj_z.weight,16,True,0.0,0.0,0.0,0.0,1.0,2097152
model.layers.20.linear_attn.in_proj_b.weight,16,True,0.0,0.0,0.0,0.0,1.0,16384
model.layers.20.linear_attn.in_proj_a.weight,16,True,0.0,0.0,0.0,0.0,1.0,16384
model.layers.20.mlp.gate_proj.weight,16,True,0.0,0.0,0.0,0.0,1.0,3670016
model.layers.20.mlp.up_proj.weight,16,True,0.0,0.0,0.0,0.0,1.0,3670016
model.layers.20.mlp.down_proj.weight,16,True,0.0,0.0,0.0,0.0,1.0,3670016
model.layers.20.input_layernorm.weight,16,True,0.0,0.0,0.0,0.0,1.0,1024
model.layers.20.post_attention_layernorm.weight,16,True,0.0,0.0,0.0,0.0,1.0,1024
model.layers.21.linear_attn.dt_bias,16,True,0.0,0.0,0.0,0.0,1.0,16
model.layers.21.linear_attn.A_log,16,True,0.0,0.0,0.0,0.0,1.0,16
model.layers.21.linear_attn.conv1d.weight,16,True,0.0,0.0,0.0,0.0,1.0,24576
model.layers.21.linear_attn.norm.weight,16,True,0.0,0.0,0.0,0.0,1.0,128
model.layers.21.linear_attn.out_proj.weight,16,True,0.0,0.0,0.0,0.0,1.0,2097152
model.layers.21.linear_attn.in_proj_qkv.weight,16,True,0.0,0.0,0.0,0.0,1.0,6291456
model.layers.21.linear_attn.in_proj_z.weight,16,True,0.0,0.0,0.0,0.0,1.0,2097152
model.layers.21.linear_attn.in_proj_b.weight,16,True,0.0,0.0,0.0,0.0,1.0,16384
model.layers.21.linear_attn.in_proj_a.weight,16,True,0.0,0.0,0.0,0.0,1.0,16384
model.layers.21.mlp.gate_proj.weight,16,True,0.0,0.0,0.0,0.0,1.0,3670016
model.layers.21.mlp.up_proj.weight,16,True,0.0,0.0,0.0,0.0,1.0,3670016
model.layers.21.mlp.down_proj.weight,16,True,0.0,0.0,0.0,0.0,1.0,3670016
model.layers.21.input_layernorm.weight,16,True,0.0,0.0,0.0,0.0,1.0,1024
model.layers.21.post_attention_layernorm.weight,16,True,0.0,0.0,0.0,0.0,1.0,1024
model.layers.22.linear_attn.dt_bias,16,True,0.0,0.0,0.0,0.0,1.0,16
model.layers.22.linear_attn.A_log,16,True,0.0,0.0,0.0,0.0,1.0,16
model.layers.22.linear_attn.conv1d.weight,16,True,0.0,0.0,0.0,0.0,1.0,24576
model.layers.22.linear_attn.norm.weight,16,True,0.0,0.0,0.0,0.0,1.0,128
model.layers.22.linear_attn.out_proj.weight,16,True,0.0,0.0,0.0,0.0,1.0,2097152
model.layers.22.linear_attn.in_proj_qkv.weight,16,True,0.0,0.0,0.0,0.0,1.0,6291456
model.layers.22.linear_attn.in_proj_z.weight,16,True,0.0,0.0,0.0,0.0,1.0,2097152
model.layers.22.linear_attn.in_proj_b.weight,16,True,0.0,0.0,0.0,0.0,1.0,16384
model.layers.22.linear_attn.in_proj_a.weight,16,True,0.0,0.0,0.0,0.0,1.0,16384
model.layers.22.mlp.gate_proj.weight,16,True,0.0,0.0,0.0,0.0,1.0,3670016
model.layers.22.mlp.up_proj.weight,16,True,0.0,0.0,0.0,0.0,1.0,3670016
model.layers.22.mlp.down_proj.weight,16,True,0.0,0.0,0.0,0.0,1.0,3670016
model.layers.22.input_layernorm.weight,16,True,0.0,0.0,0.0,0.0,1.0,1024
model.layers.22.post_attention_layernorm.weight,16,True,0.0,0.0,0.0,0.0,1.0,1024
model.layers.23.self_attn.q_proj.weight,16,True,0.0,0.0,0.0,0.0,1.0,4194304
model.layers.23.self_attn.k_proj.weight,16,True,0.0,0.0,0.0,0.0,1.0,524288
model.layers.23.self_attn.v_proj.weight,16,True,0.0,0.0,0.0,0.0,1.0,524288
model.layers.23.self_attn.o_proj.weight,16,True,0.0,0.0,0.0,0.0,1.0,2097152
model.layers.23.self_attn.q_norm.weight,16,True,0.0,0.0,0.0,0.0,1.0,256
model.layers.23.self_attn.k_norm.weight,16,True,0.0,0.0,0.0,0.0,1.0,256
model.layers.23.mlp.gate_proj.weight,16,True,0.0,0.0,0.0,0.0,1.0,3670016
model.layers.23.mlp.up_proj.weight,16,True,0.0,0.0,0.0,0.0,1.0,3670016
model.layers.23.mlp.down_proj.weight,16,True,0.0,0.0,0.0,0.0,1.0,3670016
model.layers.23.input_layernorm.weight,16,True,0.0,0.0,0.0,0.0,1.0,1024
model.layers.23.post_attention_layernorm.weight,16,True,0.0,0.0,0.0,0.0,1.0,1024
model.norm.weight,16,True,0.0,0.0,0.0,0.0,1.0,1024
lm_head.weight,16,True,0.0,0.0,0.0,0.0,1.0,254279680
model.embed_tokens.weight,16,True,0.0,0.0,0.0,0.0,1.0,254279680
model.layers.0.linear_attn.dt_bias,16,True,0.0,0.0,0.0,0.0,1.0,16
model.layers.0.linear_attn.A_log,16,True,0.0,0.0,0.0,0.0,1.0,16
model.layers.0.linear_attn.conv1d.weight,16,True,0.0,0.0,0.0,0.0,1.0,24576
model.layers.0.linear_attn.norm.weight,16,True,0.0,0.0,0.0,0.0,1.0,128
model.layers.0.linear_attn.out_proj.weight,16,True,0.0,0.0,0.0,0.0,1.0,2097152
model.layers.0.linear_attn.in_proj_qkv.weight,16,True,0.0,0.0,0.0,0.0,1.0,6291456
model.layers.0.linear_attn.in_proj_z.weight,16,True,0.0,0.0,0.0,0.0,1.0,2097152
model.layers.0.linear_attn.in_proj_b.weight,16,True,0.0,0.0,0.0,0.0,1.0,16384
model.layers.0.linear_attn.in_proj_a.weight,16,True,0.0,0.0,0.0,0.0,1.0,16384
model.layers.0.mlp.gate_proj.weight,16,True,0.0,0.0,0.0,0.0,1.0,3670016
model.layers.0.mlp.up_proj.weight,16,True,0.0,0.0,0.0,0.0,1.0,3670016
model.layers.0.mlp.down_proj.weight,16,True,0.0,0.0,0.0,0.0,1.0,3670016
model.layers.0.input_layernorm.weight,16,True,0.0,0.0,0.0,0.0,1.0,1024
model.layers.0.post_attention_layernorm.weight,16,True,0.0,0.0,0.0,0.0,1.0,1024
model.layers.1.linear_attn.dt_bias,16,True,0.0,0.0,0.0,0.0,1.0,16
model.layers.1.linear_attn.A_log,16,True,0.0,0.0,0.0,0.0,1.0,16
model.layers.1.linear_attn.conv1d.weight,16,True,0.0,0.0,0.0,0.0,1.0,24576
model.layers.1.linear_attn.norm.weight,16,True,0.0,0.0,0.0,0.0,1.0,128
model.layers.1.linear_attn.out_proj.weight,16,True,0.0,0.0,0.0,0.0,1.0,2097152
model.layers.1.linear_attn.in_proj_qkv.weight,16,True,0.0,0.0,0.0,0.0,1.0,6291456
model.layers.1.linear_attn.in_proj_z.weight,16,True,0.0,0.0,0.0,0.0,1.0,2097152
model.layers.1.linear_attn.in_proj_b.weight,16,True,0.0,0.0,0.0,0.0,1.0,16384
model.layers.1.linear_attn.in_proj_a.weight,16,True,0.0,0.0,0.0,0.0,1.0,16384
model.layers.1.mlp.gate_proj.weight,16,True,0.0,0.0,0.0,0.0,1.0,3670016
model.layers.1.mlp.up_proj.weight,16,True,0.0,0.0,0.0,0.0,1.0,3670016
model.layers.1.mlp.down_proj.weight,16,True,0.0,0.0,0.0,0.0,1.0,3670016
model.layers.1.input_layernorm.weight,16,True,0.0,0.0,0.0,0.0,1.0,1024
model.layers.1.post_attention_layernorm.weight,16,True,0.0,0.0,0.0,0.0,1.0,1024
model.layers.2.linear_attn.dt_bias,16,True,0.0,0.0,0.0,0.0,1.0,16
model.layers.2.linear_attn.A_log,16,True,0.0,0.0,0.0,0.0,1.0,16
model.layers.2.linear_attn.conv1d.weight,16,True,0.0,0.0,0.0,0.0,1.0,24576
model.layers.2.linear_attn.norm.weight,16,True,0.0,0.0,0.0,0.0,1.0,128
model.layers.2.linear_attn.out_proj.weight,16,True,0.0,0.0,0.0,0.0,1.0,2097152
model.layers.2.linear_attn.in_proj_qkv.weight,16,True,0.0,0.0,0.0,0.0,1.0,6291456
model.layers.2.linear_attn.in_proj_z.weight,16,True,0.0,0.0,0.0,0.0,1.0,2097152
model.layers.2.linear_attn.in_proj_b.weight,16,True,0.0,0.0,0.0,0.0,1.0,16384
model.layers.2.linear_attn.in_proj_a.weight,16,True,0.0,0.0,0.0,0.0,1.0,16384
model.layers.2.mlp.gate_proj.weight,16,True,0.0,0.0,0.0,0.0,1.0,3670016
model.layers.2.mlp.up_proj.weight,16,True,0.0,0.0,0.0,0.0,1.0,3670016
model.layers.2.mlp.down_proj.weight,16,True,0.0,0.0,0.0,0.0,1.0,3670016
model.layers.2.input_layernorm.weight,16,True,0.0,0.0,0.0,0.0,1.0,1024
model.layers.2.post_attention_layernorm.weight,16,True,0.0,0.0,0.0,0.0,1.0,1024
model.layers.3.self_attn.q_proj.weight,16,True,0.0,0.0,0.0,0.0,1.0,4194304
model.layers.3.self_attn.k_proj.weight,16,True,0.0,0.0,0.0,0.0,1.0,524288
model.layers.3.self_attn.v_proj.weight,16,True,0.0,0.0,0.0,0.0,1.0,524288
model.layers.3.self_attn.o_proj.weight,16,True,0.0,0.0,0.0,0.0,1.0,2097152
model.layers.3.self_attn.q_norm.weight,16,True,0.0,0.0,0.0,0.0,1.0,256
model.layers.3.self_attn.k_norm.weight,16,True,0.0,0.0,0.0,0.0,1.0,256
model.layers.3.mlp.gate_proj.weight,16,True,0.0,0.0,0.0,0.0,1.0,3670016
model.layers.3.mlp.up_proj.weight,16,True,0.0,0.0,0.0,0.0,1.0,3670016
model.layers.3.mlp.down_proj.weight,16,True,0.0,0.0,0.0,0.0,1.0,3670016
model.layers.3.input_layernorm.weight,16,True,0.0,0.0,0.0,0.0,1.0,1024
model.layers.3.post_attention_layernorm.weight,16,True,0.0,0.0,0.0,0.0,1.0,1024
model.layers.4.linear_attn.dt_bias,16,True,0.0,0.0,0.0,0.0,1.0,16
model.layers.4.linear_attn.A_log,16,True,0.0,0.0,0.0,0.0,1.0,16
model.layers.4.linear_attn.conv1d.weight,16,True,0.0,0.0,0.0,0.0,1.0,24576
model.layers.4.linear_attn.norm.weight,16,True,0.0,0.0,0.0,0.0,1.0,128
model.layers.4.linear_attn.out_proj.weight,16,True,0.0,0.0,0.0,0.0,1.0,2097152
model.layers.4.linear_attn.in_proj_qkv.weight,16,True,0.0,0.0,0.0,0.0,1.0,6291456
model.layers.4.linear_attn.in_proj_z.weight,16,True,0.0,0.0,0.0,0.0,1.0,2097152
model.layers.4.linear_attn.in_proj_b.weight,16,True,0.0,0.0,0.0,0.0,1.0,16384
model.layers.4.linear_attn.in_proj_a.weight,16,True,0.0,0.0,0.0,0.0,1.0,16384
model.layers.4.mlp.gate_proj.weight,16,True,0.0,0.0,0.0,0.0,1.0,3670016
model.layers.4.mlp.up_proj.weight,16,True,0.0,0.0,0.0,0.0,1.0,3670016
model.layers.4.mlp.down_proj.weight,16,True,0.0,0.0,0.0,0.0,1.0,3670016
model.layers.4.input_layernorm.weight,16,True,0.0,0.0,0.0,0.0,1.0,1024
model.layers.4.post_attention_layernorm.weight,16,True,0.0,0.0,0.0,0.0,1.0,1024
model.layers.5.linear_attn.dt_bias,16,True,0.0,0.0,0.0,0.0,1.0,16
model.layers.5.linear_attn.A_log,16,True,0.0,0.0,0.0,0.0,1.0,16
model.layers.5.linear_attn.conv1d.weight,16,True,0.0,0.0,0.0,0.0,1.0,24576
model.layers.5.linear_attn.norm.weight,16,True,0.0,0.0,0.0,0.0,1.0,128
model.layers.5.linear_attn.out_proj.weight,16,True,0.0,0.0,0.0,0.0,1.0,2097152
model.layers.5.linear_attn.in_proj_qkv.weight,16,True,0.0,0.0,0.0,0.0,1.0,6291456
model.layers.5.linear_attn.in_proj_z.weight,16,True,0.0,0.0,0.0,0.0,1.0,2097152
model.layers.5.linear_attn.in_proj_b.weight,16,True,0.0,0.0,0.0,0.0,1.0,16384
model.layers.5.linear_attn.in_proj_a.weight,16,True,0.0,0.0,0.0,0.0,1.0,16384
model.layers.5.mlp.gate_proj.weight,16,True,0.0,0.0,0.0,0.0,1.0,3670016
model.layers.5.mlp.up_proj.weight,16,True,0.0,0.0,0.0,0.0,1.0,3670016
model.layers.5.mlp.down_proj.weight,16,True,0.0,0.0,0.0,0.0,1.0,3670016
model.layers.5.input_layernorm.weight,16,True,0.0,0.0,0.0,0.0,1.0,1024
model.layers.5.post_attention_layernorm.weight,16,True,0.0,0.0,0.0,0.0,1.0,1024
model.layers.6.linear_attn.dt_bias,16,True,0.0,0.0,0.0,0.0,1.0,16
model.layers.6.linear_attn.A_log,16,True,0.0,0.0,0.0,0.0,1.0,16
model.layers.6.linear_attn.conv1d.weight,16,True,0.0,0.0,0.0,0.0,1.0,24576
model.layers.6.linear_attn.norm.weight,16,True,0.0,0.0,0.0,0.0,1.0,128
model.layers.6.linear_attn.out_proj.weight,16,True,0.0,0.0,0.0,0.0,1.0,2097152
model.layers.6.linear_attn.in_proj_qkv.weight,16,True,0.0,0.0,0.0,0.0,1.0,6291456
model.layers.6.linear_attn.in_proj_z.weight,16,True,0.0,0.0,0.0,0.0,1.0,2097152
model.layers.6.linear_attn.in_proj_b.weight,16,True,0.0,0.0,0.0,0.0,1.0,16384
model.layers.6.linear_attn.in_proj_a.weight,16,True,0.0,0.0,0.0,0.0,1.0,16384
model.layers.6.mlp.gate_proj.weight,16,True,0.0,0.0,0.0,0.0,1.0,3670016
model.layers.6.mlp.up_proj.weight,16,True,0.0,0.0,0.0,0.0,1.0,3670016
model.layers.6.mlp.down_proj.weight,16,True,0.0,0.0,0.0,0.0,1.0,3670016
model.layers.6.input_layernorm.weight,16,True,0.0,0.0,0.0,0.0,1.0,1024
model.layers.6.post_attention_layernorm.weight,16,True,0.0,0.0,0.0,0.0,1.0,1024
model.layers.7.self_attn.q_proj.weight,16,True,0.0,0.0,0.0,0.0,1.0,4194304
model.layers.7.self_attn.k_proj.weight,16,True,0.0,0.0,0.0,0.0,1.0,524288
model.layers.7.self_attn.v_proj.weight,16,True,0.0,0.0,0.0,0.0,1.0,524288
model.layers.7.self_attn.o_proj.weight,16,True,0.0,0.0,0.0,0.0,1.0,2097152
model.layers.7.self_attn.q_norm.weight,16,True,0.0,0.0,0.0,0.0,1.0,256
model.layers.7.self_attn.k_norm.weight,16,True,0.0,0.0,0.0,0.0,1.0,256
model.layers.7.mlp.gate_proj.weight,16,True,0.0,0.0,0.0,0.0,1.0,3670016
model.layers.7.mlp.up_proj.weight,16,True,0.0,0.0,0.0,0.0,1.0,3670016
model.layers.7.mlp.down_proj.weight,16,True,0.0,0.0,0.0,0.0,1.0,3670016
model.layers.7.input_layernorm.weight,16,True,0.0,0.0,0.0,0.0,1.0,1024
model.layers.7.post_attention_layernorm.weight,16,True,0.0,0.0,0.0,0.0,1.0,1024
model.layers.8.linear_attn.dt_bias,16,True,0.0,0.0,0.0,0.0,1.0,16
model.layers.8.linear_attn.A_log,16,True,0.0,0.0,0.0,0.0,1.0,16
model.layers.8.linear_attn.conv1d.weight,16,True,0.0,0.0,0.0,0.0,1.0,24576
model.layers.8.linear_attn.norm.weight,16,True,0.0,0.0,0.0,0.0,1.0,128
model.layers.8.linear_attn.out_proj.weight,16,True,0.0,0.0,0.0,0.0,1.0,2097152
model.layers.8.linear_attn.in_proj_qkv.weight,16,True,0.0,0.0,0.0,0.0,1.0,6291456
model.layers.8.linear_attn.in_proj_z.weight,16,True,0.0,0.0,0.0,0.0,1.0,2097152
model.layers.8.linear_attn.in_proj_b.weight,16,True,0.0,0.0,0.0,0.0,1.0,16384
model.layers.8.linear_attn.in_proj_a.weight,16,True,0.0,0.0,0.0,0.0,1.0,16384
model.layers.8.mlp.gate_proj.weight,16,True,0.0,0.0,0.0,0.0,1.0,3670016
model.layers.8.mlp.up_proj.weight,16,True,0.0,0.0,0.0,0.0,1.0,3670016
model.layers.8.mlp.down_proj.weight,16,True,0.0,0.0,0.0,0.0,1.0,3670016
model.layers.8.input_layernorm.weight,16,True,0.0,0.0,0.0,0.0,1.0,1024
model.layers.8.post_attention_layernorm.weight,16,True,0.0,0.0,0.0,0.0,1.0,1024
model.layers.9.linear_attn.dt_bias,16,True,0.0,0.0,0.0,0.0,1.0,16
model.layers.9.linear_attn.A_log,16,True,0.0,0.0,0.0,0.0,1.0,16
model.layers.9.linear_attn.conv1d.weight,16,True,0.0,0.0,0.0,0.0,1.0,24576
model.layers.9.linear_attn.norm.weight,16,True,0.0,0.0,0.0,0.0,1.0,128
model.layers.9.linear_attn.out_proj.weight,16,True,0.0,0.0,0.0,0.0,1.0,2097152
model.layers.9.linear_attn.in_proj_qkv.weight,16,True,0.0,0.0,0.0,0.0,1.0,6291456
model.layers.9.linear_attn.in_proj_z.weight,16,True,0.0,0.0,0.0,0.0,1.0,2097152
model.layers.9.linear_attn.in_proj_b.weight,16,True,0.0,0.0,0.0,0.0,1.0,16384
model.layers.9.linear_attn.in_proj_a.weight,16,True,0.0,0.0,0.0,0.0,1.0,16384
model.layers.9.mlp.gate_proj.weight,16,True,0.0,0.0,0.0,0.0,1.0,3670016
model.layers.9.mlp.up_proj.weight,16,True,0.0,0.0,0.0,0.0,1.0,3670016
model.layers.9.mlp.down_proj.weight,16,True,0.0,0.0,0.0,0.0,1.0,3670016
model.layers.9.input_layernorm.weight,16,True,0.0,0.0,0.0,0.0,1.0,1024
model.layers.9.post_attention_layernorm.weight,16,True,0.0,0.0,0.0,0.0,1.0,1024
model.layers.10.linear_attn.dt_bias,16,True,0.0,0.0,0.0,0.0,1.0,16
model.layers.10.linear_attn.A_log,16,True,0.0,0.0,0.0,0.0,1.0,16
model.layers.10.linear_attn.conv1d.weight,16,True,0.0,0.0,0.0,0.0,1.0,24576
model.layers.10.linear_attn.norm.weight,16,True,0.0,0.0,0.0,0.0,1.0,128
model.layers.10.linear_attn.out_proj.weight,16,True,0.0,0.0,0.0,0.0,1.0,2097152
model.layers.10.linear_attn.in_proj_qkv.weight,16,True,0.0,0.0,0.0,0.0,1.0,6291456
model.layers.10.linear_attn.in_proj_z.weight,16,True,0.0,0.0,0.0,0.0,1.0,2097152
model.layers.10.linear_attn.in_proj_b.weight,16,True,0.0,0.0,0.0,0.0,1.0,16384
model.layers.10.linear_attn.in_proj_a.weight,16,True,0.0,0.0,0.0,0.0,1.0,16384
model.layers.10.mlp.gate_proj.weight,16,True,0.0,0.0,0.0,0.0,1.0,3670016
model.layers.10.mlp.up_proj.weight,16,True,0.0,0.0,0.0,0.0,1.0,3670016
model.layers.10.mlp.down_proj.weight,16,True,0.0,0.0,0.0,0.0,1.0,3670016
model.layers.10.input_layernorm.weight,16,True,0.0,0.0,0.0,0.0,1.0,1024
model.layers.10.post_attention_layernorm.weight,16,True,0.0,0.0,0.0,0.0,1.0,1024
model.layers.11.self_attn.q_proj.weight,16,True,0.0,0.0,0.0,0.0,1.0,4194304
model.layers.11.self_attn.k_proj.weight,16,True,0.0,0.0,0.0,0.0,1.0,524288
model.layers.11.self_attn.v_proj.weight,16,True,0.0,0.0,0.0,0.0,1.0,524288
model.layers.11.self_attn.o_proj.weight,16,True,0.0,0.0,0.0,0.0,1.0,2097152
model.layers.11.self_attn.q_norm.weight,16,True,0.0,0.0,0.0,0.0,1.0,256
model.layers.11.self_attn.k_norm.weight,16,True,0.0,0.0,0.0,0.0,1.0,256
model.layers.11.mlp.gate_proj.weight,16,True,0.0,0.0,0.0,0.0,1.0,3670016
model.layers.11.mlp.up_proj.weight,16,True,0.0,0.0,0.0,0.0,1.0,3670016
model.layers.11.mlp.down_proj.weight,16,True,0.0,0.0,0.0,0.0,1.0,3670016
model.layers.11.input_layernorm.weight,16,True,0.0,0.0,0.0,0.0,1.0,1024
model.layers.11.post_attention_layernorm.weight,16,True,0.0,0.0,0.0,0.0,1.0,1024
model.layers.12.linear_attn.dt_bias,16,True,0.0,0.0,0.0,0.0,1.0,16
model.layers.12.linear_attn.A_log,16,True,0.0,0.0,0.0,0.0,1.0,16
model.layers.12.linear_attn.conv1d.weight,16,True,0.0,0.0,0.0,0.0,1.0,24576
model.layers.12.linear_attn.norm.weight,16,True,0.0,0.0,0.0,0.0,1.0,128
model.layers.12.linear_attn.out_proj.weight,16,True,0.0,0.0,0.0,0.0,1.0,2097152
model.layers.12.linear_attn.in_proj_qkv.weight,16,True,0.0,0.0,0.0,0.0,1.0,6291456
model.layers.12.linear_attn.in_proj_z.weight,16,True,0.0,0.0,0.0,0.0,1.0,2097152
model.layers.12.linear_attn.in_proj_b.weight,16,True,0.0,0.0,0.0,0.0,1.0,16384
model.layers.12.linear_attn.in_proj_a.weight,16,True,0.0,0.0,0.0,0.0,1.0,16384
model.layers.12.mlp.gate_proj.weight,16,True,0.0,0.0,0.0,0.0,1.0,3670016
model.layers.12.mlp.up_proj.weight,16,True,0.0,0.0,0.0,0.0,1.0,3670016
model.layers.12.mlp.down_proj.weight,16,True,0.0,0.0,0.0,0.0,1.0,3670016
model.layers.12.input_layernorm.weight,16,True,0.0,0.0,0.0,0.0,1.0,1024
model.layers.12.post_attention_layernorm.weight,16,True,0.0,0.0,0.0,0.0,1.0,1024
model.layers.13.linear_attn.dt_bias,16,True,0.0,0.0,0.0,0.0,1.0,16
model.layers.13.linear_attn.A_log,16,True,0.0,0.0,0.0,0.0,1.0,16
model.layers.13.linear_attn.conv1d.weight,16,True,0.0,0.0,0.0,0.0,1.0,24576
model.layers.13.linear_attn.norm.weight,16,True,0.0,0.0,0.0,0.0,1.0,128
model.layers.13.linear_attn.out_proj.weight,16,True,0.0,0.0,0.0,0.0,1.0,2097152
model.layers.13.linear_attn.in_proj_qkv.weight,16,True,0.0,0.0,0.0,0.0,1.0,6291456
model.layers.13.linear_attn.in_proj_z.weight,16,True,0.0,0.0,0.0,0.0,1.0,2097152
model.layers.13.linear_attn.in_proj_b.weight,16,True,0.0,0.0,0.0,0.0,1.0,16384
model.layers.13.linear_attn.in_proj_a.weight,16,True,0.0,0.0,0.0,0.0,1.0,16384
model.layers.13.mlp.gate_proj.weight,16,True,0.0,0.0,0.0,0.0,1.0,3670016
model.layers.13.mlp.up_proj.weight,16,True,0.0,0.0,0.0,0.0,1.0,3670016
model.layers.13.mlp.down_proj.weight,16,True,0.0,0.0,0.0,0.0,1.0,3670016
model.layers.13.input_layernorm.weight,16,True,0.0,0.0,0.0,0.0,1.0,1024
model.layers.13.post_attention_layernorm.weight,16,True,0.0,0.0,0.0,0.0,1.0,1024
model.layers.14.linear_attn.dt_bias,16,True,0.0,0.0,0.0,0.0,1.0,16
model.layers.14.linear_attn.A_log,16,True,0.0,0.0,0.0,0.0,1.0,16
model.layers.14.linear_attn.conv1d.weight,16,True,0.0,0.0,0.0,0.0,1.0,24576
model.layers.14.linear_attn.norm.weight,16,True,0.0,0.0,0.0,0.0,1.0,128
model.layers.14.linear_attn.out_proj.weight,16,True,0.0,0.0,0.0,0.0,1.0,2097152
model.layers.14.linear_attn.in_proj_qkv.weight,16,True,0.0,0.0,0.0,0.0,1.0,6291456
model.layers.14.linear_attn.in_proj_z.weight,16,True,0.0,0.0,0.0,0.0,1.0,2097152
model.layers.14.linear_attn.in_proj_b.weight,16,True,0.0,0.0,0.0,0.0,1.0,16384
model.layers.14.linear_attn.in_proj_a.weight,16,True,0.0,0.0,0.0,0.0,1.0,16384
model.layers.14.mlp.gate_proj.weight,16,True,0.0,0.0,0.0,0.0,1.0,3670016
model.layers.14.mlp.up_proj.weight,16,True,0.0,0.0,0.0,0.0,1.0,3670016
model.layers.14.mlp.down_proj.weight,16,True,0.0,0.0,0.0,0.0,1.0,3670016
model.layers.14.input_layernorm.weight,16,True,0.0,0.0,0.0,0.0,1.0,1024
model.layers.14.post_attention_layernorm.weight,16,True,0.0,0.0,0.0,0.0,1.0,1024
model.layers.15.self_attn.q_proj.weight,16,True,0.0,0.0,0.0,0.0,1.0,4194304
model.layers.15.self_attn.k_proj.weight,16,True,0.0,0.0,0.0,0.0,1.0,524288
model.layers.15.self_attn.v_proj.weight,16,True,0.0,0.0,0.0,0.0,1.0,524288
model.layers.15.self_attn.o_proj.weight,16,True,0.0,0.0,0.0,0.0,1.0,2097152
model.layers.15.self_attn.q_norm.weight,16,True,0.0,0.0,0.0,0.0,1.0,256
model.layers.15.self_attn.k_norm.weight,16,True,0.0,0.0,0.0,0.0,1.0,256
model.layers.15.mlp.gate_proj.weight,16,True,0.0,0.0,0.0,0.0,1.0,3670016
model.layers.15.mlp.up_proj.weight,16,True,0.0,0.0,0.0,0.0,1.0,3670016
model.layers.15.mlp.down_proj.weight,16,True,0.0,0.0,0.0,0.0,1.0,3670016
model.layers.15.input_layernorm.weight,16,True,0.0,0.0,0.0,0.0,1.0,1024
model.layers.15.post_attention_layernorm.weight,16,True,0.0,0.0,0.0,0.0,1.0,1024
model.layers.16.linear_attn.dt_bias,16,True,0.0,0.0,0.0,0.0,1.0,16
model.layers.16.linear_attn.A_log,16,True,0.0,0.0,0.0,0.0,1.0,16
model.layers.16.linear_attn.conv1d.weight,16,True,0.0,0.0,0.0,0.0,1.0,24576
model.layers.16.linear_attn.norm.weight,16,True,0.0,0.0,0.0,0.0,1.0,128
model.layers.16.linear_attn.out_proj.weight,16,True,0.0,0.0,0.0,0.0,1.0,2097152
model.layers.16.linear_attn.in_proj_qkv.weight,16,True,0.0,0.0,0.0,0.0,1.0,6291456
model.layers.16.linear_attn.in_proj_z.weight,16,True,0.0,0.0,0.0,0.0,1.0,2097152
model.layers.16.linear_attn.in_proj_b.weight,16,True,0.0,0.0,0.0,0.0,1.0,16384
model.layers.16.linear_attn.in_proj_a.weight,16,True,0.0,0.0,0.0,0.0,1.0,16384
model.layers.16.mlp.gate_proj.weight,16,True,0.0,0.0,0.0,0.0,1.0,3670016
model.layers.16.mlp.up_proj.weight,16,True,0.0,0.0,0.0,0.0,1.0,3670016
model.layers.16.mlp.down_proj.weight,16,True,0.0,0.0,0.0,0.0,1.0,3670016
model.layers.16.input_layernorm.weight,16,True,0.0,0.0,0.0,0.0,1.0,1024
model.layers.16.post_attention_layernorm.weight,16,True,0.0,0.0,0.0,0.0,1.0,1024
model.layers.17.linear_attn.dt_bias,16,True,0.0,0.0,0.0,0.0,1.0,16
model.layers.17.linear_attn.A_log,16,True,0.0,0.0,0.0,0.0,1.0,16
model.layers.17.linear_attn.conv1d.weight,16,True,0.0,0.0,0.0,0.0,1.0,24576
model.layers.17.linear_attn.norm.weight,16,True,0.0,0.0,0.0,0.0,1.0,128
model.layers.17.linear_attn.out_proj.weight,16,True,0.0,0.0,0.0,0.0,1.0,2097152
model.layers.17.linear_attn.in_proj_qkv.weight,16,True,0.0,0.0,0.0,0.0,1.0,6291456
model.layers.17.linear_attn.in_proj_z.weight,16,True,0.0,0.0,0.0,0.0,1.0,2097152
model.layers.17.linear_attn.in_proj_b.weight,16,True,0.0,0.0,0.0,0.0,1.0,16384
model.layers.17.linear_attn.in_proj_a.weight,16,True,0.0,0.0,0.0,0.0,1.0,16384
model.layers.17.mlp.gate_proj.weight,16,True,0.0,0.0,0.0,0.0,1.0,3670016
model.layers.17.mlp.up_proj.weight,16,True,0.0,0.0,0.0,0.0,1.0,3670016
model.layers.17.mlp.down_proj.weight,16,True,0.0,0.0,0.0,0.0,1.0,3670016
model.layers.17.input_layernorm.weight,16,True,0.0,0.0,0.0,0.0,1.0,1024
model.layers.17.post_attention_layernorm.weight,16,True,0.0,0.0,0.0,0.0,1.0,1024
model.layers.18.linear_attn.dt_bias,16,True,0.0,0.0,0.0,0.0,1.0,16
model.layers.18.linear_attn.A_log,16,True,0.0,0.0,0.0,0.0,1.0,16
model.layers.18.linear_attn.conv1d.weight,16,True,0.0,0.0,0.0,0.0,1.0,24576
model.layers.18.linear_attn.norm.weight,16,True,0.0,0.0,0.0,0.0,1.0,128
model.layers.18.linear_attn.out_proj.weight,16,True,0.0,0.0,0.0,0.0,1.0,2097152
model.layers.18.linear_attn.in_proj_qkv.weight,16,True,0.0,0.0,0.0,0.0,1.0,6291456
model.layers.18.linear_attn.in_proj_z.weight,16,True,0.0,0.0,0.0,0.0,1.0,2097152
model.layers.18.linear_attn.in_proj_b.weight,16,True,0.0,0.0,0.0,0.0,1.0,16384
model.layers.18.linear_attn.in_proj_a.weight,16,True,0.0,0.0,0.0,0.0,1.0,16384
model.layers.18.mlp.gate_proj.weight,16,True,0.0,0.0,0.0,0.0,1.0,3670016
model.layers.18.mlp.up_proj.weight,16,True,0.0,0.0,0.0,0.0,1.0,3670016
model.layers.18.mlp.down_proj.weight,16,True,0.0,0.0,0.0,0.0,1.0,3670016
model.layers.18.input_layernorm.weight,16,True,0.0,0.0,0.0,0.0,1.0,1024
model.layers.18.post_attention_layernorm.weight,16,True,0.0,0.0,0.0,0.0,1.0,1024
model.layers.19.self_attn.q_proj.weight,16,True,0.0,0.0,0.0,0.0,1.0,4194304
model.layers.19.self_attn.k_proj.weight,16,True,0.0,0.0,0.0,0.0,1.0,524288
model.layers.19.self_attn.v_proj.weight,16,True,0.0,0.0,0.0,0.0,1.0,524288
model.layers.19.self_attn.o_proj.weight,16,True,0.0,0.0,0.0,0.0,1.0,2097152
model.layers.19.self_attn.q_norm.weight,16,True,0.0,0.0,0.0,0.0,1.0,256
model.layers.19.self_attn.k_norm.weight,16,True,0.0,0.0,0.0,0.0,1.0,256
model.layers.19.mlp.gate_proj.weight,16,True,0.0,0.0,0.0,0.0,1.0,3670016
model.layers.19.mlp.up_proj.weight,16,True,0.0,0.0,0.0,0.0,1.0,3670016
model.layers.19.mlp.down_proj.weight,16,True,0.0,0.0,0.0,0.0,1.0,3670016
model.layers.19.input_layernorm.weight,16,True,0.0,0.0,0.0,0.0,1.0,1024
model.layers.19.post_attention_layernorm.weight,16,True,0.0,0.0,0.0,0.0,1.0,1024
model.layers.20.linear_attn.dt_bias,16,True,0.0,0.0,0.0,0.0,1.0,16
model.layers.20.linear_attn.A_log,16,True,0.0,0.0,0.0,0.0,1.0,16
model.layers.20.linear_attn.conv1d.weight,16,True,0.0,0.0,0.0,0.0,1.0,24576
model.layers.20.linear_attn.norm.weight,16,True,0.0,0.0,0.0,0.0,1.0,128
model.layers.20.linear_attn.out_proj.weight,16,True,0.0,0.0,0.0,0.0,1.0,2097152
model.layers.20.linear_attn.in_proj_qkv.weight,16,True,0.0,0.0,0.0,0.0,1.0,6291456
model.layers.20.linear_attn.in_proj_z.weight,16,True,0.0,0.0,0.0,0.0,1.0,2097152
model.layers.20.linear_attn.in_proj_b.weight,16,True,0.0,0.0,0.0,0.0,1.0,16384
model.layers.20.linear_attn.in_proj_a.weight,16,True,0.0,0.0,0.0,0.0,1.0,16384
model.layers.20.mlp.gate_proj.weight,16,True,0.0,0.0,0.0,0.0,1.0,3670016
model.layers.20.mlp.up_proj.weight,16,True,0.0,0.0,0.0,0.0,1.0,3670016
model.layers.20.mlp.down_proj.weight,16,True,0.0,0.0,0.0,0.0,1.0,3670016
model.layers.20.input_layernorm.weight,16,True,0.0,0.0,0.0,0.0,1.0,1024
model.layers.20.post_attention_layernorm.weight,16,True,0.0,0.0,0.0,0.0,1.0,1024
model.layers.21.linear_attn.dt_bias,16,True,0.0,0.0,0.0,0.0,1.0,16
model.layers.21.linear_attn.A_log,16,True,0.0,0.0,0.0,0.0,1.0,16
model.layers.21.linear_attn.conv1d.weight,16,True,0.0,0.0,0.0,0.0,1.0,24576
model.layers.21.linear_attn.norm.weight,16,True,0.0,0.0,0.0,0.0,1.0,128
model.layers.21.linear_attn.out_proj.weight,16,True,0.0,0.0,0.0,0.0,1.0,2097152
model.layers.21.linear_attn.in_proj_qkv.weight,16,True,0.0,0.0,0.0,0.0,1.0,6291456
model.layers.21.linear_attn.in_proj_z.weight,16,True,0.0,0.0,0.0,0.0,1.0,2097152
model.layers.21.linear_attn.in_proj_b.weight,16,True,0.0,0.0,0.0,0.0,1.0,16384
model.layers.21.linear_attn.in_proj_a.weight,16,True,0.0,0.0,0.0,0.0,1.0,16384
model.layers.21.mlp.gate_proj.weight,16,True,0.0,0.0,0.0,0.0,1.0,3670016
model.layers.21.mlp.up_proj.weight,16,True,0.0,0.0,0.0,0.0,1.0,3670016
model.layers.21.mlp.down_proj.weight,16,True,0.0,0.0,0.0,0.0,1.0,3670016
model.layers.21.input_layernorm.weight,16,True,0.0,0.0,0.0,0.0,1.0,1024
model.layers.21.post_attention_layernorm.weight,16,True,0.0,0.0,0.0,0.0,1.0,1024
model.layers.22.linear_attn.dt_bias,16,True,0.0,0.0,0.0,0.0,1.0,16
model.layers.22.linear_attn.A_log,16,True,0.0,0.0,0.0,0.0,1.0,16
model.layers.22.linear_attn.conv1d.weight,16,True,0.0,0.0,0.0,0.0,1.0,24576
model.layers.22.linear_attn.norm.weight,16,True,0.0,0.0,0.0,0.0,1.0,128
model.layers.22.linear_attn.out_proj.weight,16,True,0.0,0.0,0.0,0.0,1.0,2097152
model.layers.22.linear_attn.in_proj_qkv.weight,16,True,0.0,0.0,0.0,0.0,1.0,6291456
model.layers.22.linear_attn.in_proj_z.weight,16,True,0.0,0.0,0.0,0.0,1.0,2097152
model.layers.22.linear_attn.in_proj_b.weight,16,True,0.0,0.0,0.0,0.0,1.0,16384
model.layers.22.linear_attn.in_proj_a.weight,16,True,0.0,0.0,0.0,0.0,1.0,16384
model.layers.22.mlp.gate_proj.weight,16,True,0.0,0.0,0.0,0.0,1.0,3670016
model.layers.22.mlp.up_proj.weight,16,True,0.0,0.0,0.0,0.0,1.0,3670016
model.layers.22.mlp.down_proj.weight,16,True,0.0,0.0,0.0,0.0,1.0,3670016
model.layers.22.input_layernorm.weight,16,True,0.0,0.0,0.0,0.0,1.0,1024
model.layers.22.post_attention_layernorm.weight,16,True,0.0,0.0,0.0,0.0,1.0,1024
model.layers.23.self_attn.q_proj.weight,16,True,0.0,0.0,0.0,0.0,1.0,4194304
model.layers.23.self_attn.k_proj.weight,16,True,0.0,0.0,0.0,0.0,1.0,524288
model.layers.23.self_attn.v_proj.weight,16,True,0.0,0.0,0.0,0.0,1.0,524288
model.layers.23.self_attn.o_proj.weight,16,True,0.0,0.0,0.0,0.0,1.0,2097152
model.layers.23.self_attn.q_norm.weight,16,True,0.0,0.0,0.0,0.0,1.0,256
model.layers.23.self_attn.k_norm.weight,16,True,0.0,0.0,0.0,0.0,1.0,256
model.layers.23.mlp.gate_proj.weight,16,True,0.0,0.0,0.0,0.0,1.0,3670016
model.layers.23.mlp.up_proj.weight,16,True,0.0,0.0,0.0,0.0,1.0,3670016
model.layers.23.mlp.down_proj.weight,16,True,0.0,0.0,0.0,0.0,1.0,3670016
model.layers.23.input_layernorm.weight,16,True,0.0,0.0,0.0,0.0,1.0,1024
model.layers.23.post_attention_layernorm.weight,16,True,0.0,0.0,0.0,0.0,1.0,1024
model.norm.weight,16,True,0.0,0.0,0.0,0.0,1.0,1024
lm_head.weight,16,True,0.0,0.0,0.0,0.0,1.0,254279680
model.embed_tokens.weight,8,False,0.0012763750273734331,0.0019034405704587698,0.0302734375,0.08314015716314316,1.0,254279680
model.layers.0.linear_attn.dt_bias,8,False,0.408203125,0.5231459140777588,1.0625,0.07397101819515228,0.9988914728164673,16
model.layers.0.linear_attn.A_log,8,False,0.15234375,0.22174206376075745,0.59375,0.07005657255649567,0.9991466403007507,16
model.layers.0.linear_attn.conv1d.weight,8,False,0.0027427298482507467,0.006849967408925295,0.1171875,0.09174228459596634,0.9984981417655945,24576
model.layers.0.linear_attn.norm.weight,8,False,0.07076263427734375,0.0802396684885025,0.12451171875,0.07495228201150894,0.9990615248680115,128
model.layers.0.linear_attn.out_proj.weight,8,False,0.000774986227042973,0.0011948896571993828,0.033203125,0.08387500047683716,0.9986777901649475,2097152
model.layers.0.linear_attn.in_proj_qkv.weight,8,False,0.0010107912821695209,0.001597813912667334,0.0546875,0.08322221785783768,0.9994373321533203,6291456
model.layers.0.linear_attn.in_proj_z.weight,8,False,0.0010831337422132492,0.0016706546302884817,0.056640625,0.08330516517162323,0.9986235499382019,2097152
model.layers.0.linear_attn.in_proj_b.weight,8,False,0.001062328228726983,0.0016863411292433739,0.01513671875,0.08289662003517151,0.9985414147377014,16384
model.layers.0.linear_attn.in_proj_a.weight,8,False,0.0024296436458826065,0.0036527859047055244,0.0263671875,0.08287405222654343,0.9984937906265259,16384
model.layers.0.mlp.gate_proj.weight,8,False,0.0007845542277209461,0.001168149639852345,0.025390625,0.08359945565462112,0.9987972378730774,3670016
model.layers.0.mlp.up_proj.weight,8,False,0.0005579820135608315,0.0008269720710813999,0.0107421875,0.0842299684882164,0.9989235401153564,3670016
model.layers.0.mlp.down_proj.weight,8,False,0.0005492102936841547,0.000821538851596415,0.0263671875,0.08424119651317596,0.9988923668861389,3670016
model.layers.0.input_layernorm.weight,8,False,0.01976710557937622,0.026025880128145218,0.12109375,0.08305114507675171,0.9985520243644714,1024
model.layers.0.post_attention_layernorm.weight,8,False,0.009931042790412903,0.01252678781747818,0.056640625,0.08255763351917267,0.9985788464546204,1024
model.layers.1.linear_attn.dt_bias,8,False,0.17645263671875,0.26643529534339905,0.65625,0.06727811694145203,0.9986312389373779,16
model.layers.1.linear_attn.A_log,8,False,0.125701904296875,0.16231077909469604,0.359375,0.10781411081552505,0.9989855885505676,16
model.layers.1.linear_attn.conv1d.weight,8,False,0.0025127287954092026,0.006664407439529896,0.203125,0.09020090103149414,0.9984654784202576,24576
model.layers.1.linear_attn.norm.weight,8,False,0.06830215454101562,0.07885292172431946,0.1240234375,0.07463075965642929,0.9989239573478699,128
model.layers.1.linear_attn.out_proj.weight,8,False,0.000800847657956183,0.001222643069922924,0.046875,0.08381102234125137,0.9986752271652222,2097152
model.layers.1.linear_attn.in_proj_qkv.weight,8,False,0.0010435421718284488,0.0016043540090322495,0.048828125,0.08336973190307617,0.9993548393249512,6291456
model.layers.1.linear_attn.in_proj_z.weight,8,False,0.001204772270284593,0.001849082880653441,0.0263671875,0.08330340683460236,0.998696506023407,2097152
model.layers.1.linear_attn.in_proj_b.weight,8,False,0.001133536221459508,0.0017883648397400975,0.0283203125,0.0836908370256424,0.9985707998275757,16384
model.layers.1.linear_attn.in_proj_a.weight,8,False,0.0018628854304552078,0.002924672793596983,0.0224609375,0.08311404287815094,0.9984937906265259,16384
model.layers.1.mlp.gate_proj.weight,8,False,0.0008597572450526059,0.001282304641790688,0.0244140625,0.08347084373235703,0.9987977147102356,3670016
model.layers.1.mlp.up_proj.weight,8,False,0.0005577169940806925,0.0008273645071312785,0.01513671875,0.08420567214488983,0.9989298582077026,3670016
model.layers.1.mlp.down_proj.weight,8,False,0.0005516032106243074,0.0008302623755298555,0.029296875,0.08423841744661331,0.9988897442817688,3670016
model.layers.1.input_layernorm.weight,8,False,0.029688619077205658,0.03618808835744858,0.12109375,0.07024529576301575,0.9988341927528381,1024
model.layers.1.post_attention_layernorm.weight,8,False,0.01382552832365036,0.0167903583496809,0.05859375,0.07836843281984329,0.9987294673919678,1024
model.layers.2.linear_attn.dt_bias,8,False,0.15972900390625,0.23111195862293243,0.625,0.08782398700714111,0.9986852407455444,16
model.layers.2.linear_attn.A_log,8,False,0.11685943603515625,0.15348093211650848,0.375,0.10068342834711075,0.9986408352851868,16
model.layers.2.linear_attn.conv1d.weight,8,False,0.0029011352453380823,0.0076498836278915405,0.1796875,0.0864412784576416,0.9985315203666687,24576
model.layers.2.linear_attn.norm.weight,8,False,0.0624847412109375,0.07249915599822998,0.1240234375,0.06778855621814728,0.9991079568862915,128
model.layers.2.linear_attn.out_proj.weight,8,False,0.0007809469243511558,0.0012053789105266333,0.046875,0.08389075100421906,0.9986849427223206,2097152
model.layers.2.linear_attn.in_proj_qkv.weight,8,False,0.0010738897835835814,0.0016654551727697253,0.0302734375,0.0833190307021141,0.9992846250534058,6291456
model.layers.2.linear_attn.in_proj_z.weight,8,False,0.0012115574209019542,0.0018840503180399537,0.025390625,0.08320605009794235,0.9986751079559326,2097152
model.layers.2.linear_attn.in_proj_b.weight,8,False,0.0011008474975824356,0.0017940778052434325,0.025390625,0.08296284079551697,0.9984738826751709,16384
model.layers.2.linear_attn.in_proj_a.weight,8,False,0.0017104478320106864,0.0026353278663009405,0.0302734375,0.08314149081707001,0.9985172748565674,16384
model.layers.2.mlp.gate_proj.weight,8,False,0.0010418550809845328,0.001569002983160317,0.02734375,0.08334232121706009,0.9989182353019714,3670016
model.layers.2.mlp.up_proj.weight,8,False,0.000529774755705148,0.0007878433098085225,0.0146484375,0.08422549068927765,0.9989284873008728,3670016
model.layers.2.mlp.down_proj.weight,8,False,0.0005272175767458975,0.0007958263740874827,0.0302734375,0.08442109823226929,0.9988775253295898,3670016
model.layers.2.input_layernorm.weight,8,False,0.030803799629211426,0.038229070603847504,0.12109375,0.07032948732376099,0.9987349510192871,1024
model.layers.2.post_attention_layernorm.weight,8,False,0.02732895314693451,0.0318455807864666,0.0703125,0.10328637063503265,0.998387336730957,1024
model.layers.3.self_attn.q_proj.weight,8,False,0.0011877227807417512,0.001907419878989458,0.0302734375,0.08336906135082245,0.9990171790122986,4194304
model.layers.3.self_attn.k_proj.weight,8,False,0.0007697163382545114,0.0011959075927734375,0.01513671875,0.08364208042621613,0.9985237717628479,524288
model.layers.3.self_attn.v_proj.weight,8,False,0.0007948903948999941,0.0012286716373637319,0.01513671875,0.08367497473955154,0.9985123872756958,524288
model.layers.3.self_attn.o_proj.weight,8,False,0.0007578816148452461,0.001173114636912942,0.02734375,0.08399952948093414,0.9986720085144043,2097152
model.layers.3.self_attn.q_norm.weight,8,False,0.03635299205780029,0.04844789579510689,0.2265625,0.0821591168642044,0.998153567314148,256
model.layers.3.self_attn.k_norm.weight,8,False,0.036325931549072266,0.047096144407987595,0.1328125,0.08427503705024719,0.9982566237449646,256
model.layers.3.mlp.gate_proj.weight,8,False,0.0010361156892031431,0.0015750558814033866,0.0244140625,0.08337240666151047,0.9990279078483582,3670016
model.layers.3.mlp.up_proj.weight,8,False,0.0005203765467740595,0.0007744038593955338,0.007568359375,0.08438307046890259,0.9989389181137085,3670016
model.layers.3.mlp.down_proj.weight,8,False,0.0005151402438059449,0.0007805150235071778,0.0263671875,0.08455003798007965,0.9988862872123718,3670016
model.layers.3.input_layernorm.weight,8,False,0.029661014676094055,0.03462524712085724,0.08984375,0.08640081435441971,0.9987085461616516,1024
model.layers.3.post_attention_layernorm.weight,8,False,0.02278924733400345,0.027726594358682632,0.060546875,0.09357714653015137,0.9984827041625977,1024
model.layers.4.linear_attn.dt_bias,8,False,0.2064056396484375,0.2784721851348877,0.53125,0.06961650401353836,0.999476432800293,16
model.layers.4.linear_attn.A_log,8,False,0.107696533203125,0.16083721816539764,0.484375,0.09307015687227249,0.9983444213867188,16
model.layers.4.linear_attn.conv1d.weight,8,False,0.003976565320044756,0.009889919310808182,0.12109375,0.08663313835859299,0.9985280632972717,24576
model.layers.4.linear_attn.norm.weight,8,False,0.062896728515625,0.07420708239078522,0.123046875,0.07270807772874832,0.998850405216217,128
model.layers.4.linear_attn.out_proj.weight,8,False,0.0007249752525240183,0.0011287700617685914,0.029296875,0.08409217745065689,0.9986910223960876,2097152
model.layers.4.linear_attn.in_proj_qkv.weight,8,False,0.001158533152192831,0.0018219600897282362,0.04296875,0.08329007774591446,0.9992114305496216,6291456
model.layers.4.linear_attn.in_proj_z.weight,8,False,0.00109442591201514,0.0017305118963122368,0.0185546875,0.08344755321741104,0.9986855983734131,2097152
model.layers.4.linear_attn.in_proj_b.weight,8,False,0.000916172401048243,0.0014521442353725433,0.0146484375,0.08341281861066818,0.9985418915748596,16384
model.layers.4.linear_attn.in_proj_a.weight,8,False,0.0016954070888459682,0.00260056066326797,0.015625,0.08354891836643219,0.9984821677207947,16384
model.layers.4.mlp.gate_proj.weight,8,False,0.0009901629528030753,0.0015025186585262418,0.029296875,0.08345258235931396,0.9989913702011108,3670016
model.layers.4.mlp.up_proj.weight,8,False,0.000525795912835747,0.0007852775161154568,0.01318359375,0.0842919871211052,0.998944103717804,3670016
model.layers.4.mlp.down_proj.weight,8,False,0.0005173968966118991,0.0007857066229917109,0.02734375,0.08455129712820053,0.9988870620727539,3670016
model.layers.4.input_layernorm.weight,8,False,0.033352285623550415,0.04112844541668892,0.12109375,0.06819265335798264,0.9988678097724915,1024
model.layers.4.post_attention_layernorm.weight,8,False,0.020394204184412956,0.024474188685417175,0.060546875,0.08740583062171936,0.998771071434021,1024
model.layers.5.linear_attn.dt_bias,8,False,0.22222900390625,0.2841286063194275,0.5,0.07884193956851959,0.9989877939224243,16
model.layers.5.linear_attn.A_log,8,False,0.084808349609375,0.10560944676399231,0.1875,0.07376858592033386,0.9995372891426086,16
model.layers.5.linear_attn.conv1d.weight,8,False,0.0032370665576308966,0.008130435831844807,0.1484375,0.0858522355556488,0.9985530376434326,24576
model.layers.5.linear_attn.norm.weight,8,False,0.061786651611328125,0.07232512533664703,0.1240234375,0.06692598015069962,0.9990638494491577,128
model.layers.5.linear_attn.out_proj.weight,8,False,0.0007340278243646026,0.0011373439338058233,0.01953125,0.08412282913923264,0.9986798167228699,2097152
model.layers.5.linear_attn.in_proj_qkv.weight,8,False,0.001096982043236494,0.0017120487755164504,0.0302734375,0.08331873267889023,0.9993212819099426,6291456
model.layers.5.linear_attn.in_proj_z.weight,8,False,0.0010241226991638541,0.0015920816222205758,0.0302734375,0.08343985676765442,0.9986098408699036,2097152
model.layers.5.linear_attn.in_proj_b.weight,8,False,0.0009298044024035335,0.0014581388095393777,0.0224609375,0.08401469886302948,0.9985184669494629,16384
model.layers.5.linear_attn.in_proj_a.weight,8,False,0.001506745582446456,0.002309659495949745,0.0224609375,0.08298669755458832,0.9985123872756958,16384
model.layers.5.mlp.gate_proj.weight,8,False,0.0009240088984370232,0.0014083749847486615,0.0263671875,0.0835033655166626,0.9989601969718933,3670016
model.layers.5.mlp.up_proj.weight,8,False,0.000535527360625565,0.0008019279921427369,0.007568359375,0.08433282375335693,0.9989380836486816,3670016
model.layers.5.mlp.down_proj.weight,8,False,0.0005228226655162871,0.0007972708554007113,0.02734375,0.08454502373933792,0.9988815784454346,3670016
model.layers.5.input_layernorm.weight,8,False,0.030550364404916763,0.036867380142211914,0.12109375,0.07016532868146896,0.9990891814231873,1024
model.layers.5.post_attention_layernorm.weight,8,False,0.019842136651277542,0.024201033636927605,0.060546875,0.0868748128414154,0.9985380172729492,1024
model.layers.6.linear_attn.dt_bias,8,False,0.149505615234375,0.2719874680042267,0.96875,0.07284648716449738,0.9975675344467163,16
model.layers.6.linear_attn.A_log,8,False,0.10107421875,0.15554498136043549,0.453125,0.08771947771310806,0.9984161257743835,16
model.layers.6.linear_attn.conv1d.weight,8,False,0.0028168335556983948,0.007413689978420734,0.11328125,0.08598977327346802,0.9985613226890564,24576
model.layers.6.linear_attn.norm.weight,8,False,0.05991363525390625,0.07171308994293213,0.142578125,0.0625261664390564,0.9990302324295044,128
model.layers.6.linear_attn.out_proj.weight,8,False,0.000748204649426043,0.0011623387690633535,0.02734375,0.08397328108549118,0.998658299446106,2097152
model.layers.6.linear_attn.in_proj_qkv.weight,8,False,0.0010539350332692266,0.0016427281079813838,0.0302734375,0.0833464190363884,0.9993624687194824,6291456
model.layers.6.linear_attn.in_proj_z.weight,8,False,0.0009916963754221797,0.0015435637906193733,0.029296875,0.08353416621685028,0.9986193776130676,2097152
model.layers.6.linear_attn.in_proj_b.weight,8,False,0.0010451660491526127,0.0016512691508978605,0.0185546875,0.0834493562579155,0.9985194206237793,16384
model.layers.6.linear_attn.in_proj_a.weight,8,False,0.0014376579783856869,0.002190376166254282,0.01513671875,0.08370794355869293,0.998478353023529,16384
model.layers.6.mlp.gate_proj.weight,8,False,0.0008571183425374329,0.001335530774667859,0.0302734375,0.08364134281873703,0.9988865852355957,3670016
model.layers.6.mlp.up_proj.weight,8,False,0.0005351415020413697,0.0008074074285104871,0.01318359375,0.08431405574083328,0.9989586472511292,3670016
model.layers.6.mlp.down_proj.weight,8,False,0.0005148757481947541,0.0007909405394457281,0.0146484375,0.08460503071546555,0.9988740682601929,3670016
model.layers.6.input_layernorm.weight,8,False,0.02978045493364334,0.03603360429406166,0.11328125,0.07767952233552933,0.9987967014312744,1024
model.layers.6.post_attention_layernorm.weight,8,False,0.01358189806342125,0.016834167763590813,0.060546875,0.07627120614051819,0.9988256692886353,1024
model.layers.7.self_attn.q_proj.weight,8,False,0.0009284898405894637,0.001483448431827128,0.0302734375,0.08366130292415619,0.9989956021308899,4194304
model.layers.7.self_attn.k_proj.weight,8,False,0.0006640852661803365,0.0010199499083682895,0.0126953125,0.08398684859275818,0.9985188245773315,524288
model.layers.7.self_attn.v_proj.weight,8,False,0.0007222809363156557,0.0011416550260037184,0.01513671875,0.08412216603755951,0.9985251426696777,524288
model.layers.7.self_attn.o_proj.weight,8,False,0.0006880937144160271,0.0010779747972264886,0.029296875,0.08429273217916489,0.9986457228660583,2097152
model.layers.7.self_attn.q_norm.weight,8,False,0.04325675964355469,0.0526132695376873,0.12109375,0.08412761241197586,0.9983636140823364,256
model.layers.7.self_attn.k_norm.weight,8,False,0.04134726524353027,0.05034750699996948,0.1171875,0.0827101543545723,0.9985429644584656,256
model.layers.7.mlp.gate_proj.weight,8,False,0.0007839673780836165,0.0012029651552438736,0.0244140625,0.08376700431108475,0.9987862706184387,3670016
model.layers.7.mlp.up_proj.weight,8,False,0.0005415006307885051,0.0008148453780449927,0.013671875,0.08425458520650864,0.9989789724349976,3670016
model.layers.7.mlp.down_proj.weight,8,False,0.0005173634854145348,0.0007951368461363018,0.0302734375,0.08459114283323288,0.9988664388656616,3670016
model.layers.7.input_layernorm.weight,8,False,0.012555181980133057,0.01589900627732277,0.05859375,0.08143322914838791,0.9984302520751953,1024
model.layers.7.post_attention_layernorm.weight,8,False,0.014818761497735977,0.018213976174592972,0.060546875,0.0784429982304573,0.9987990260124207,1024
model.layers.8.linear_attn.dt_bias,8,False,0.1673583984375,0.26477161049842834,0.6875,0.07833380997180939,0.9985893964767456,16
model.layers.8.linear_attn.A_log,8,False,0.10491943359375,0.13838811218738556,0.296875,0.084709532558918,0.9987094402313232,16
model.layers.8.linear_attn.conv1d.weight,8,False,0.002790815196931362,0.007176525425165892,0.12109375,0.0858052670955658,0.9985615015029907,24576
model.layers.8.linear_attn.norm.weight,8,False,0.064483642578125,0.0746283307671547,0.15234375,0.06501166522502899,0.9992047548294067,128
model.layers.8.linear_attn.out_proj.weight,8,False,0.000705851532984525,0.001105589559301734,0.0302734375,0.08425810188055038,0.9986501336097717,2097152
model.layers.8.linear_attn.in_proj_qkv.weight,8,False,0.0010477870237082243,0.0016459026373922825,0.0302734375,0.08340092748403549,0.9993969798088074,6291456
model.layers.8.linear_attn.in_proj_z.weight,8,False,0.0009102702606469393,0.0014259282033890486,0.041015625,0.08350985497236252,0.998646080493927,2097152
model.layers.8.linear_attn.in_proj_b.weight,8,False,0.0008699108730070293,0.0013620825484395027,0.01220703125,0.08318226784467697,0.9984862208366394,16384
model.layers.8.linear_attn.in_proj_a.weight,8,False,0.0014381750952452421,0.0022091956343501806,0.025390625,0.08309420198202133,0.9985166192054749,16384
model.layers.8.mlp.gate_proj.weight,8,False,0.0007278383709490299,0.0011192932724952698,0.01513671875,0.08387380093336105,0.9988487958908081,3670016
model.layers.8.mlp.up_proj.weight,8,False,0.000535165483597666,0.0008066789014264941,0.0146484375,0.08429177850484848,0.9989563226699829,3670016
model.layers.8.mlp.down_proj.weight,8,False,0.000505910546053201,0.0007769808871671557,0.0263671875,0.0846586674451828,0.9988657236099243,3670016
model.layers.8.input_layernorm.weight,8,False,0.030071064829826355,0.03609011322259903,0.11328125,0.0739571750164032,0.9989678859710693,1024
model.layers.8.post_attention_layernorm.weight,8,False,0.014545992016792297,0.01867077313363552,0.05859375,0.07726772129535675,0.9987102150917053,1024
model.layers.9.linear_attn.dt_bias,8,False,0.24609375,0.2984768748283386,0.71875,0.09210555255413055,0.9990918040275574,16
model.layers.9.linear_attn.A_log,8,False,0.15455055236816406,0.20843833684921265,0.453125,0.09006107598543167,0.9973189830780029,16
model.layers.9.linear_attn.conv1d.weight,8,False,0.0025107881519943476,0.006546647287905216,0.1171875,0.08654793351888657,0.998505711555481,24576
model.layers.9.linear_attn.norm.weight,8,False,0.061733245849609375,0.07250566780567169,0.1943359375,0.06063536927103996,0.9992373585700989,128
model.layers.9.linear_attn.out_proj.weight,8,False,0.0006860696012154222,0.001085831318050623,0.021484375,0.08433778584003448,0.9986391067504883,2097152
model.layers.9.linear_attn.in_proj_qkv.weight,8,False,0.0010005730437114835,0.0015669995918869972,0.0302734375,0.08345820754766464,0.9994337558746338,6291456
model.layers.9.linear_attn.in_proj_z.weight,8,False,0.000899254169780761,0.001405108254402876,0.0302734375,0.08358079195022583,0.9986371994018555,2097152
model.layers.9.linear_attn.in_proj_b.weight,8,False,0.001126233721151948,0.001766227069310844,0.017578125,0.0831088051199913,0.9984842538833618,16384
model.layers.9.linear_attn.in_proj_a.weight,8,False,0.0016072707949206233,0.0024966434575617313,0.0283203125,0.0831766352057457,0.9984953999519348,16384
model.layers.9.mlp.gate_proj.weight,8,False,0.0006666602566838264,0.0010282640578225255,0.0234375,0.08395902067422867,0.9989063143730164,3670016
model.layers.9.mlp.up_proj.weight,8,False,0.0005389816360548139,0.0008137115510180593,0.01416015625,0.0843050479888916,0.9989426136016846,3670016
model.layers.9.mlp.down_proj.weight,8,False,0.0005069812759757042,0.0007837439188733697,0.0263671875,0.084622822701931,0.9988566040992737,3670016
model.layers.9.input_layernorm.weight,8,False,0.03271913528442383,0.04035331308841705,0.12109375,0.08018144965171814,0.9986440539360046,1024
model.layers.9.post_attention_layernorm.weight,8,False,0.013536936603486538,0.017694110050797462,0.060546875,0.07726321369409561,0.9988176822662354,1024
model.layers.10.linear_attn.dt_bias,8,False,0.14111328125,0.2565591633319855,0.90625,0.05177648738026619,0.9976106882095337,16
model.layers.10.linear_attn.A_log,8,False,0.1024169921875,0.12261693924665451,0.2109375,0.07871316373348236,0.9988129734992981,16
model.layers.10.linear_attn.conv1d.weight,8,False,0.0025163048412650824,0.006554453633725643,0.12109375,0.08610659837722778,0.9985615015029907,24576
model.layers.10.linear_attn.norm.weight,8,False,0.06398773193359375,0.07174386084079742,0.1591796875,0.06111998111009598,0.9994871616363525,128
model.layers.10.linear_attn.out_proj.weight,8,False,0.0007169218151830137,0.0011240278836339712,0.029296875,0.08415506780147552,0.9986463785171509,2097152
model.layers.10.linear_attn.in_proj_qkv.weight,8,False,0.0010052664438262582,0.0015914012910798192,0.0302734375,0.08345278352499008,0.9994460940361023,6291456
model.layers.10.linear_attn.in_proj_z.weight,8,False,0.0008662836044095457,0.0013339999131858349,0.0302734375,0.08356806635856628,0.9986447095870972,2097152
model.layers.10.linear_attn.in_proj_b.weight,8,False,0.0011190272634848952,0.001733986078761518,0.021484375,0.08321388810873032,0.9985259175300598,16384
model.layers.10.linear_attn.in_proj_a.weight,8,False,0.0015227990224957466,0.0023571085184812546,0.02734375,0.0826249048113823,0.9984409809112549,16384
model.layers.10.mlp.gate_proj.weight,8,False,0.0006744717829860747,0.0010674293152987957,0.021484375,0.08400274813175201,0.9988865256309509,3670016
model.layers.10.mlp.up_proj.weight,8,False,0.000531884259544313,0.0008034509955905378,0.0126953125,0.08438140898942947,0.9989472031593323,3670016
model.layers.10.mlp.down_proj.weight,8,False,0.000499529589433223,0.0007682063151150942,0.01513671875,0.08470018953084946,0.9988694787025452,3670016
model.layers.10.input_layernorm.weight,8,False,0.02721133828163147,0.03342237323522568,0.1171875,0.07788295298814774,0.9988013505935669,1024
model.layers.10.post_attention_layernorm.weight,8,False,0.012356305494904518,0.01691381447017193,0.060546875,0.08211957663297653,0.9984301924705505,1024
model.layers.11.self_attn.q_proj.weight,8,False,0.0008713013958185911,0.0013618171215057373,0.0302734375,0.08361294865608215,0.9990614652633667,4194304
model.layers.11.self_attn.k_proj.weight,8,False,0.0007114775362424552,0.0011258461745455861,0.01513671875,0.08409304171800613,0.9985171556472778,524288
model.layers.11.self_attn.v_proj.weight,8,False,0.0009073486435227096,0.0013995233457535505,0.0166015625,0.08352832496166229,0.9984986186027527,524288
model.layers.11.self_attn.o_proj.weight,8,False,0.0007129800505936146,0.0011239128652960062,0.01513671875,0.08417433500289917,0.9986428618431091,2097152
model.layers.11.self_attn.q_norm.weight,8,False,0.05921173095703125,0.06942302733659744,0.1328125,0.09280090034008026,0.998134970664978,256
model.layers.11.self_attn.k_norm.weight,8,False,0.058452606201171875,0.07046885788440704,0.2265625,0.09056191146373749,0.9979906678199768,256
model.layers.11.mlp.gate_proj.weight,8,False,0.0006708274013362825,0.001057540182955563,0.0263671875,0.08403327316045761,0.998914897441864,3670016
model.layers.11.mlp.up_proj.weight,8,False,0.0005392543971538544,0.000814544502645731,0.0146484375,0.0843467116355896,0.9989568591117859,3670016
model.layers.11.mlp.down_proj.weight,8,False,0.0005075348890386522,0.0007825145730748773,0.0166015625,0.08472559601068497,0.9988487958908081,3670016
model.layers.11.input_layernorm.weight,8,False,0.01784033700823784,0.02374720573425293,0.10546875,0.07959868013858795,0.9984809160232544,1024
model.layers.11.post_attention_layernorm.weight,8,False,0.013691362924873829,0.017183005809783936,0.060546875,0.08277101814746857,0.9985864758491516,1024
model.layers.12.linear_attn.dt_bias,8,False,0.32275390625,0.4270203113555908,0.96875,0.10267341136932373,0.9977616667747498,16
model.layers.12.linear_attn.A_log,8,False,0.06729698181152344,0.09801030158996582,0.265625,0.0501253567636013,0.9992292523384094,16
model.layers.12.linear_attn.conv1d.weight,8,False,0.0038369186222553253,0.009847349487245083,0.21875,0.08522260934114456,0.9985535740852356,24576
model.layers.12.linear_attn.norm.weight,8,False,0.05542755126953125,0.06725409626960754,0.140625,0.05664879083633423,0.999142587184906,128
model.layers.12.linear_attn.out_proj.weight,8,False,0.0006852031801827252,0.0010809308150783181,0.0302734375,0.08424127846956253,0.9986522197723389,2097152
model.layers.12.linear_attn.in_proj_qkv.weight,8,False,0.0011133098741993308,0.0017785390373319387,0.0302734375,0.08337750285863876,0.9992877840995789,6291456
model.layers.12.linear_attn.in_proj_z.weight,8,False,0.0009093547123484313,0.0014473360497504473,0.0302734375,0.0836259052157402,0.9986419081687927,2097152
model.layers.12.linear_attn.in_proj_b.weight,8,False,0.0009919205913320184,0.001537415781058371,0.0146484375,0.08352036029100418,0.9984989166259766,16384
model.layers.12.linear_attn.in_proj_a.weight,8,False,0.0016513240989297628,0.0025746163446456194,0.0224609375,0.08252323418855667,0.9984484910964966,16384
model.layers.12.mlp.gate_proj.weight,8,False,0.0007244056323543191,0.0011577547993510962,0.0302734375,0.08388747274875641,0.9988746047019958,3670016
model.layers.12.mlp.up_proj.weight,8,False,0.0005270368419587612,0.000794985971879214,0.0126953125,0.08430720120668411,0.9989239573478699,3670016
model.layers.12.mlp.down_proj.weight,8,False,0.0004999893135391176,0.0007678320398554206,0.0146484375,0.08471784740686417,0.9988572001457214,3670016
model.layers.12.input_layernorm.weight,8,False,0.04401930049061775,0.05549471080303192,0.12109375,0.0862206220626831,0.9982030391693115,1024
model.layers.12.post_attention_layernorm.weight,8,False,0.013858314603567123,0.016775095835328102,0.05859375,0.081947922706604,0.9986038208007812,1024
model.layers.13.linear_attn.dt_bias,8,False,0.136383056640625,0.1669929474592209,0.34375,0.08453601598739624,0.9994621872901917,16
model.layers.13.linear_attn.A_log,8,False,0.1015625,0.12491604685783386,0.2421875,0.0781179815530777,0.9992305040359497,16
model.layers.13.linear_attn.conv1d.weight,8,False,0.0030349039006978273,0.007833216339349747,0.12109375,0.08459962159395218,0.9984843134880066,24576
model.layers.13.linear_attn.norm.weight,8,False,0.062774658203125,0.07141757756471634,0.150390625,0.06047142297029495,0.9994133114814758,128
model.layers.13.linear_attn.out_proj.weight,8,False,0.0007144446717575192,0.001115934457629919,0.029296875,0.08409278094768524,0.9986556768417358,2097152
model.layers.13.linear_attn.in_proj_qkv.weight,8,False,0.0010596527718007565,0.0016815251437947154,0.0302734375,0.08338835835456848,0.9993391633033752,6291456
model.layers.13.linear_attn.in_proj_z.weight,8,False,0.0008942647255025804,0.001394605147652328,0.025390625,0.08354075253009796,0.9986572265625,2097152
model.layers.13.linear_attn.in_proj_b.weight,8,False,0.000988792278803885,0.001539141172543168,0.01513671875,0.08403041213750839,0.9984973669052124,16384
model.layers.13.linear_attn.in_proj_a.weight,8,False,0.0013824868947267532,0.0021303673274815083,0.0166015625,0.08181994408369064,0.9985127449035645,16384
model.layers.13.mlp.gate_proj.weight,8,False,0.0007479743799194694,0.0011990922503173351,0.0302734375,0.08381842076778412,0.9988359808921814,3670016
model.layers.13.mlp.up_proj.weight,8,False,0.0005317440372891724,0.0008014051709324121,0.01513671875,0.08430687338113785,0.9989268779754639,3670016
model.layers.13.mlp.down_proj.weight,8,False,0.0005040221149101853,0.0007735859835520387,0.015625,0.08461950719356537,0.9988598227500916,3670016
model.layers.13.input_layernorm.weight,8,False,0.03832285851240158,0.04778939485549927,0.12109375,0.08568675816059113,0.9984735250473022,1024
model.layers.13.post_attention_layernorm.weight,8,False,0.013656124472618103,0.016681842505931854,0.056640625,0.08185376226902008,0.9985957741737366,1024
model.layers.14.linear_attn.dt_bias,8,False,0.228515625,0.31328636407852173,0.8125,0.08660031110048294,0.9987695217132568,16
model.layers.14.linear_attn.A_log,8,False,0.1043701171875,0.14296971261501312,0.390625,0.08060982078313828,0.9977495074272156,16
model.layers.14.linear_attn.conv1d.weight,8,False,0.003184219589456916,0.008248291909694672,0.11328125,0.0855155810713768,0.9985067248344421,24576
model.layers.14.linear_attn.norm.weight,8,False,0.055995941162109375,0.0656735897064209,0.126953125,0.05529071018099785,0.9993666410446167,128
model.layers.14.linear_attn.out_proj.weight,8,False,0.0007149255834519863,0.00112967099994421,0.01953125,0.08423443138599396,0.9986634850502014,2097152
model.layers.14.linear_attn.in_proj_qkv.weight,8,False,0.0010583916446194053,0.001696586376056075,0.056640625,0.08343745023012161,0.9994043707847595,6291456
model.layers.14.linear_attn.in_proj_z.weight,8,False,0.000938942190259695,0.001492935698479414,0.0302734375,0.0835854634642601,0.9986414313316345,2097152
model.layers.14.linear_attn.in_proj_b.weight,8,False,0.0009621328208595514,0.0015136890579015017,0.0234375,0.08402932435274124,0.9984915256500244,16384
model.layers.14.linear_attn.in_proj_a.weight,8,False,0.001389769371598959,0.0021360863465815783,0.01953125,0.08226379007101059,0.9985299706459045,16384
model.layers.14.mlp.gate_proj.weight,8,False,0.0007858937606215477,0.0013199549866840243,0.0302734375,0.08398085087537766,0.9989604949951172,3670016
model.layers.14.mlp.up_proj.weight,8,False,0.0005345141980797052,0.0008130300557240844,0.01513671875,0.08432018011808395,0.99891597032547,3670016
model.layers.14.mlp.down_proj.weight,8,False,0.0004973614122718573,0.0007640418480150402,0.01513671875,0.08464479446411133,0.9988983273506165,3670016
model.layers.14.input_layernorm.weight,8,False,0.028958052396774292,0.035577986389398575,0.1171875,0.07508503645658493,0.9988388419151306,1024
model.layers.14.post_attention_layernorm.weight,8,False,0.015014886856079102,0.01761658862233162,0.041015625,0.08309145271778107,0.9986442923545837,1024
model.layers.15.self_attn.q_proj.weight,8,False,0.0009593392605893314,0.001513988128863275,0.0302734375,0.08354029059410095,0.9989933967590332,4194304
model.layers.15.self_attn.k_proj.weight,8,False,0.0006909390795044601,0.0011031923349946737,0.01513671875,0.08390498906373978,0.9985185265541077,524288
model.layers.15.self_attn.v_proj.weight,8,False,0.0009857772383838892,0.0016001733019948006,0.05078125,0.0835442766547203,0.9985001683235168,524288
model.layers.15.self_attn.o_proj.weight,8,False,0.0008568745106458664,0.0013349567307159305,0.015625,0.083765409886837,0.9986268281936646,2097152
model.layers.15.self_attn.q_norm.weight,8,False,0.0548553466796875,0.0653369277715683,0.12109375,0.08307045698165894,0.9985049962997437,256
model.layers.15.self_attn.k_norm.weight,8,False,0.054462432861328125,0.06561809033155441,0.1953125,0.08341605961322784,0.9984575510025024,256
model.layers.15.mlp.gate_proj.weight,8,False,0.0008508322644047439,0.0013718482805415988,0.0546875,0.08371229469776154,0.9989542365074158,3670016
model.layers.15.mlp.up_proj.weight,8,False,0.0005659648450091481,0.0008633674005977809,0.01513671875,0.08419795334339142,0.9989278316497803,3670016
model.layers.15.mlp.down_proj.weight,8,False,0.0005403789109550416,0.0008291941485367715,0.0263671875,0.08439435809850693,0.9988527297973633,3670016
model.layers.15.input_layernorm.weight,8,False,0.015051577240228653,0.01889391802251339,0.060546875,0.07296931743621826,0.9987784624099731,1024
model.layers.15.post_attention_layernorm.weight,8,False,0.01709464192390442,0.020650694146752357,0.060546875,0.06980382651090622,0.9988823533058167,1024
model.layers.16.linear_attn.dt_bias,8,False,0.181854248046875,0.25325635075569153,0.71875,0.07766249030828476,0.9989694356918335,16
model.layers.16.linear_attn.A_log,8,False,0.066162109375,0.09143775701522827,0.2109375,0.04769609868526459,0.9991819262504578,16
model.layers.16.linear_attn.conv1d.weight,8,False,0.0048546805046498775,0.012010100297629833,0.1484375,0.0854523777961731,0.9985685348510742,24576
model.layers.16.linear_attn.norm.weight,8,False,0.056671142578125,0.068572498857975,0.12451171875,0.06364676356315613,0.9989450573921204,128
model.layers.16.linear_attn.out_proj.weight,8,False,0.0006817855755798519,0.0010690332856029272,0.0283203125,0.08415468782186508,0.9986883401870728,2097152
model.layers.16.linear_attn.in_proj_qkv.weight,8,False,0.0012792121851816773,0.0020470572635531425,0.05078125,0.08324754238128662,0.9994127750396729,6291456
model.layers.16.linear_attn.in_proj_z.weight,8,False,0.0009561423794366419,0.0015304232947528362,0.0302734375,0.08360865712165833,0.9986316561698914,2097152
model.layers.16.linear_attn.in_proj_b.weight,8,False,0.0010292972438037395,0.0016467662062495947,0.02734375,0.08309131860733032,0.9985440969467163,16384
model.layers.16.linear_attn.in_proj_a.weight,8,False,0.001567479339428246,0.0024355670902878046,0.0234375,0.08321510255336761,0.9985424876213074,16384
model.layers.16.mlp.gate_proj.weight,8,False,0.000942025741096586,0.0014884464908391237,0.0302734375,0.08351795375347137,0.9989873170852661,3670016
model.layers.16.mlp.up_proj.weight,8,False,0.0005730045959353447,0.0008592982776463032,0.007568359375,0.08413655310869217,0.9989000558853149,3670016
model.layers.16.mlp.down_proj.weight,8,False,0.0005448401207104325,0.0008254462736658752,0.0205078125,0.08433046191930771,0.9988516569137573,3670016
model.layers.16.input_layernorm.weight,8,False,0.05963575839996338,0.06967387348413467,0.12109375,0.10456278175115585,0.9978845715522766,1024
model.layers.16.post_attention_layernorm.weight,8,False,0.029432885348796844,0.03479013592004776,0.060546875,0.09615679830312729,0.9980786442756653,1024
model.layers.17.linear_attn.dt_bias,8,False,0.26605224609375,0.3941265344619751,0.84375,0.0998641848564148,0.9984211325645447,16
model.layers.17.linear_attn.A_log,8,False,0.101318359375,0.1187758594751358,0.1953125,0.07563100010156631,0.9989005923271179,16
model.layers.17.linear_attn.conv1d.weight,8,False,0.006774937734007835,0.015064839273691177,0.12109375,0.0850093886256218,0.9985159039497375,24576
model.layers.17.linear_attn.norm.weight,8,False,0.06264877319335938,0.07275447994470596,0.1240234375,0.07767295837402344,0.9987926483154297,128
model.layers.17.linear_attn.out_proj.weight,8,False,0.0006535652210004628,0.0010314512765035033,0.029296875,0.0841868594288826,0.9986902475357056,2097152
model.layers.17.linear_attn.in_proj_qkv.weight,8,False,0.0013972605811432004,0.0021871619392186403,0.05859375,0.08314596116542816,0.9993884563446045,6291456
model.layers.17.linear_attn.in_proj_z.weight,8,False,0.001012279186397791,0.0016087591648101807,0.025390625,0.08354447782039642,0.9986118078231812,2097152
model.layers.17.linear_attn.in_proj_b.weight,8,False,0.0009503537439741194,0.0015100209275260568,0.01513671875,0.08320767432451248,0.9984654784202576,16384
model.layers.17.linear_attn.in_proj_a.weight,8,False,0.001528251450508833,0.002424735575914383,0.029296875,0.0833587720990181,0.9984697699546814,16384
model.layers.17.mlp.gate_proj.weight,8,False,0.0010437899036332965,0.001620283699594438,0.0302734375,0.08338405191898346,0.9989745020866394,3670016
model.layers.17.mlp.up_proj.weight,8,False,0.0005771343712694943,0.0008623923640698195,0.01220703125,0.08411579579114914,0.9988975524902344,3670016
model.layers.17.mlp.down_proj.weight,8,False,0.0005468226154334843,0.0008261973271146417,0.01513671875,0.08431980758905411,0.9988524913787842,3670016
model.layers.17.input_layernorm.weight,8,False,0.06555366516113281,0.07375681400299072,0.12109375,0.09661899507045746,0.9986140727996826,1024
model.layers.17.post_attention_layernorm.weight,8,False,0.02911592647433281,0.034038394689559937,0.12109375,0.08179272711277008,0.9987948536872864,1024
model.layers.18.linear_attn.dt_bias,8,False,0.27685546875,0.3774890899658203,0.96875,0.07041779160499573,0.9983718991279602,16
model.layers.18.linear_attn.A_log,8,False,0.100341796875,0.12016481161117554,0.2109375,0.07682308554649353,0.9984902739524841,16
model.layers.18.linear_attn.conv1d.weight,8,False,0.006857036147266626,0.014992079697549343,0.1953125,0.08449269086122513,0.9986071586608887,24576
model.layers.18.linear_attn.norm.weight,8,False,0.058963775634765625,0.06957128643989563,0.123046875,0.07632216811180115,0.998657763004303,128
model.layers.18.linear_attn.out_proj.weight,8,False,0.0006227211561053991,0.0009761240216903389,0.02734375,0.084346704185009,0.9986757040023804,2097152
model.layers.18.linear_attn.in_proj_qkv.weight,8,False,0.0014373218873515725,0.0022661983966827393,0.0546875,0.08312173932790756,0.9992967844009399,6291456
model.layers.18.linear_attn.in_proj_z.weight,8,False,0.0010327922645956278,0.001657671295106411,0.0302734375,0.08359154313802719,0.9986075162887573,2097152
model.layers.18.linear_attn.in_proj_b.weight,8,False,0.0009717221837490797,0.0015331325121223927,0.0146484375,0.0831858366727829,0.9985252618789673,16384
model.layers.18.linear_attn.in_proj_a.weight,8,False,0.001449921983294189,0.0022690214682370424,0.02734375,0.08322755992412567,0.9984683394432068,16384
model.layers.18.mlp.gate_proj.weight,8,False,0.001113663543947041,0.0017142740543931723,0.0546875,0.08332806080579758,0.9989609122276306,3670016
model.layers.18.mlp.up_proj.weight,8,False,0.0005871839239262044,0.0008761403732933104,0.0126953125,0.08405674248933792,0.9988921880722046,3670016
model.layers.18.mlp.down_proj.weight,8,False,0.0005490213516168296,0.0008287162054330111,0.021484375,0.0842512845993042,0.9988620281219482,3670016
model.layers.18.input_layernorm.weight,8,False,0.06099510192871094,0.0724855363368988,0.171875,0.0839284211397171,0.9982829689979553,1024
model.layers.18.post_attention_layernorm.weight,8,False,0.029876351356506348,0.03511175513267517,0.1171875,0.07495415210723877,0.9988787174224854,1024
model.layers.19.self_attn.q_proj.weight,8,False,0.0009513422264717519,0.0015031122602522373,0.0263671875,0.08352512121200562,0.9989328980445862,4194304
model.layers.19.self_attn.k_proj.weight,8,False,0.0006788410246372223,0.001077759894542396,0.021484375,0.08408171683549881,0.998511791229248,524288
model.layers.19.self_attn.v_proj.weight,8,False,0.0011415109038352966,0.0019243397982791066,0.05078125,0.0834626629948616,0.9985235929489136,524288
model.layers.19.self_attn.o_proj.weight,8,False,0.0010486816754564643,0.001611520303413272,0.0283203125,0.08344052731990814,0.9985764622688293,2097152
model.layers.19.self_attn.q_norm.weight,8,False,0.044097900390625,0.05326603353023529,0.12109375,0.08632485568523407,0.9984683394432068,256
model.layers.19.self_attn.k_norm.weight,8,False,0.0438385009765625,0.05435692146420479,0.1875,0.08508072793483734,0.9986405372619629,256
model.layers.19.mlp.gate_proj.weight,8,False,0.0010704684536904097,0.0016469445545226336,0.05078125,0.08335016667842865,0.9989390969276428,3670016
model.layers.19.mlp.up_proj.weight,8,False,0.0006059121224097908,0.0009016339317895472,0.01416015625,0.08400990813970566,0.998887836933136,3670016
model.layers.19.mlp.down_proj.weight,8,False,0.000580947904381901,0.0008700149483047426,0.0263671875,0.08416266739368439,0.9988623857498169,3670016
model.layers.19.input_layernorm.weight,8,False,0.017568230628967285,0.022208794951438904,0.10546875,0.08381494879722595,0.998641848564148,1024
model.layers.19.post_attention_layernorm.weight,8,False,0.02890610694885254,0.034292060881853104,0.060546875,0.08078581839799881,0.9985364675521851,1024
model.layers.20.linear_attn.dt_bias,8,False,0.2332763671875,0.3456565737724304,0.96875,0.08154617249965668,0.9980695843696594,16
model.layers.20.linear_attn.A_log,8,False,0.083251953125,0.11434958875179291,0.21875,0.06907062977552414,0.9979804158210754,16
model.layers.20.linear_attn.conv1d.weight,8,False,0.0079112583771348,0.01706988550722599,0.1796875,0.08400651067495346,0.9985142946243286,24576
model.layers.20.linear_attn.norm.weight,8,False,0.0617828369140625,0.07187163829803467,0.123046875,0.07631935179233551,0.9988070726394653,128
model.layers.20.linear_attn.out_proj.weight,8,False,0.0006532888510264456,0.0010164201958104968,0.0302734375,0.08411295711994171,0.998684823513031,2097152
model.layers.20.linear_attn.in_proj_qkv.weight,8,False,0.0014440170489251614,0.002278231317177415,0.08203125,0.0830875113606453,0.9992921352386475,6291456
model.layers.20.linear_attn.in_proj_z.weight,8,False,0.0010467133251950145,0.0016946281539276242,0.05859375,0.08354634791612625,0.9986391663551331,2097152
model.layers.20.linear_attn.in_proj_b.weight,8,False,0.001167981536127627,0.0018037481931969523,0.0146484375,0.08387067914009094,0.9985212683677673,16384
model.layers.20.linear_attn.in_proj_a.weight,8,False,0.0017380547942593694,0.002720152260735631,0.0283203125,0.08329646289348602,0.9985092282295227,16384
model.layers.20.mlp.gate_proj.weight,8,False,0.0010723239975050092,0.0016393408877775073,0.0302734375,0.08330167084932327,0.9989394545555115,3670016
model.layers.20.mlp.up_proj.weight,8,False,0.0006199165945872664,0.0009201402426697314,0.0126953125,0.08400018513202667,0.9988915920257568,3670016
model.layers.20.mlp.down_proj.weight,8,False,0.0005910106119699776,0.0008830936858430505,0.0234375,0.08411509543657303,0.9988514184951782,3670016
model.layers.20.input_layernorm.weight,8,False,0.06580066680908203,0.07642187178134918,0.1953125,0.10338404029607773,0.9976646304130554,1024
model.layers.20.post_attention_layernorm.weight,8,False,0.030698776245117188,0.03533388674259186,0.0859375,0.0776529461145401,0.9989683032035828,1024
model.layers.21.linear_attn.dt_bias,8,False,0.267578125,0.34878185391426086,0.75,0.09412982314825058,0.9986297488212585,16
model.layers.21.linear_attn.A_log,8,False,0.12451171875,0.13575975596904755,0.21875,0.09791235625743866,0.9988667964935303,16
model.layers.21.linear_attn.conv1d.weight,8,False,0.007615117821842432,0.016543319448828697,0.234375,0.08400890976190567,0.9985162615776062,24576
model.layers.21.linear_attn.norm.weight,8,False,0.06696319580078125,0.07646657526493073,0.123046875,0.07628937065601349,0.998960554599762,128
model.layers.21.linear_attn.out_proj.weight,8,False,0.0007214871002361178,0.0011152965016663074,0.0302734375,0.08394986391067505,0.9986756443977356,2097152
model.layers.21.linear_attn.in_proj_qkv.weight,8,False,0.0014046806609258056,0.0021895531099289656,0.05859375,0.0831180140376091,0.999456524848938,6291456
model.layers.21.linear_attn.in_proj_z.weight,8,False,0.0010962904198095202,0.001718610874377191,0.0390625,0.08339549601078033,0.9986550807952881,2097152
model.layers.21.linear_attn.in_proj_b.weight,8,False,0.0010593676706776023,0.001643180730752647,0.01513671875,0.08384133875370026,0.9984950423240662,16384
model.layers.21.linear_attn.in_proj_a.weight,8,False,0.0016973025631159544,0.0026744173374027014,0.029296875,0.08281374722719193,0.998557984828949,16384
model.layers.21.mlp.gate_proj.weight,8,False,0.0010829389793798327,0.0016590777086094022,0.060546875,0.08333910256624222,0.9989469051361084,3670016
model.layers.21.mlp.up_proj.weight,8,False,0.0006350060575641692,0.0009436901891604066,0.01513671875,0.08388694375753403,0.9988771080970764,3670016
model.layers.21.mlp.down_proj.weight,8,False,0.0005961857386864722,0.0008925236761569977,0.0224609375,0.08401361852884293,0.99885493516922,3670016
model.layers.21.input_layernorm.weight,8,False,0.0678558349609375,0.07393935322761536,0.21875,0.09421094506978989,0.9990236163139343,1024
model.layers.21.post_attention_layernorm.weight,8,False,0.03137063980102539,0.03640571981668472,0.07421875,0.07617641985416412,0.9988677501678467,1024
model.layers.22.linear_attn.dt_bias,8,False,0.2164306640625,0.3023943603038788,0.84375,0.08103437721729279,0.9987338781356812,16
model.layers.22.linear_attn.A_log,8,False,0.123779296875,0.14012566208839417,0.234375,0.09312117099761963,0.9990834593772888,16
model.layers.22.linear_attn.conv1d.weight,8,False,0.00696011446416378,0.014437510631978512,0.12109375,0.08473027497529984,0.9985469579696655,24576
model.layers.22.linear_attn.norm.weight,8,False,0.06658935546875,0.07743870466947556,0.16796875,0.06359650194644928,0.9992372393608093,128
model.layers.22.linear_attn.out_proj.weight,8,False,0.0007670114282518625,0.0011776161845773458,0.0283203125,0.08378751575946808,0.9986720085144043,2097152
model.layers.22.linear_attn.in_proj_qkv.weight,8,False,0.0012288851430639625,0.0019317475380375981,0.05859375,0.08324375003576279,0.9992968440055847,6291456
model.layers.22.linear_attn.in_proj_z.weight,8,False,0.0011003449326381087,0.001722071785479784,0.060546875,0.08328980952501297,0.9986655116081238,2097152
model.layers.22.linear_attn.in_proj_b.weight,8,False,0.001192988594993949,0.001871245913207531,0.0224609375,0.0839976966381073,0.998447597026825,16384
model.layers.22.linear_attn.in_proj_a.weight,8,False,0.001892685773782432,0.002992903580889106,0.0302734375,0.08279770612716675,0.9984560012817383,16384
model.layers.22.mlp.gate_proj.weight,8,False,0.001088203047402203,0.001689779688604176,0.060546875,0.08333342522382736,0.998965322971344,3670016
model.layers.22.mlp.up_proj.weight,8,False,0.0006483003380708396,0.0009669594583101571,0.01513671875,0.08397864550352097,0.9988585114479065,3670016
model.layers.22.mlp.down_proj.weight,8,False,0.0005893236957490444,0.0008842852548696101,0.0283203125,0.08412791788578033,0.9988702535629272,3670016
model.layers.22.input_layernorm.weight,8,False,0.04038381576538086,0.04778304696083069,0.12109375,0.07719113677740097,0.9988148212432861,1024
model.layers.22.post_attention_layernorm.weight,8,False,0.028900206089019775,0.033778563141822815,0.08984375,0.07391055673360825,0.9988721609115601,1024
model.layers.23.self_attn.q_proj.weight,8,False,0.0009761999826878309,0.0015812554629519582,0.0546875,0.08354554325342178,0.9990588426589966,4194304
model.layers.23.self_attn.k_proj.weight,8,False,0.0005948845646344125,0.000979408621788025,0.0244140625,0.08442872017621994,0.9985139966011047,524288
model.layers.23.self_attn.v_proj.weight,8,False,0.0010960731888189912,0.001791404327377677,0.0390625,0.0834687203168869,0.9985183477401733,524288
model.layers.23.self_attn.o_proj.weight,8,False,0.0008209547959268093,0.0013378969160839915,0.0302734375,0.08380724489688873,0.9986705780029297,2097152
model.layers.23.self_attn.q_norm.weight,8,False,0.04039955139160156,0.050429750233888626,0.1484375,0.08863266557455063,0.9985018372535706,256
model.layers.23.self_attn.k_norm.weight,8,False,0.036432743072509766,0.046416476368904114,0.1640625,0.08496921509504318,0.9985859394073486,256
model.layers.23.mlp.gate_proj.weight,8,False,0.0011805305257439613,0.0018200393533334136,0.060546875,0.0831679031252861,0.9988925457000732,3670016
model.layers.23.mlp.up_proj.weight,8,False,0.0007107220008037984,0.0010690430644899607,0.029296875,0.08378754556179047,0.9988256692886353,3670016
model.layers.23.mlp.down_proj.weight,8,False,0.0005436380160972476,0.0008288972312584519,0.041015625,0.08439188450574875,0.9989359378814697,3670016
model.layers.23.input_layernorm.weight,8,False,0.021029233932495117,0.026988482102751732,0.12109375,0.0793057456612587,0.9985100030899048,1024
model.layers.23.post_attention_layernorm.weight,8,False,0.020079612731933594,0.024772943928837776,0.1171875,0.077768474817276,0.9985198974609375,1024
model.norm.weight,8,False,0.2300424575805664,0.27411195635795593,0.84375,0.07040201127529144,0.9989320039749146,1024
lm_head.weight,8,False,0.0012763750273734331,0.0019034405704587698,0.0302734375,0.08314015716314316,1.0,254279680
model.embed_tokens.weight,4,False,0.010024817660450935,0.014332196675240993,0.11669921875,0.6219444274902344,1.0,254279680
model.layers.0.linear_attn.dt_bias,4,False,3.587890625,4.349254608154297,11.0625,0.6165115833282471,0.9205799102783203,16
model.layers.0.linear_attn.A_log,4,False,1.06640625,1.5167641639709473,4.59375,0.5800085663795471,0.8413043022155762,16
model.layers.0.linear_attn.conv1d.weight,4,False,0.021831423044204712,0.04830924794077873,1.6328125,0.7110415101051331,0.8500999212265015,24576
model.layers.0.linear_attn.norm.weight,4,False,0.8266220092773438,0.8310329914093018,0.9345703125,0.8672086000442505,0.9959871768951416,128
model.layers.0.linear_attn.out_proj.weight,4,False,0.005426052026450634,0.007912078872323036,0.158203125,0.6234455108642578,0.8916401267051697,2097152
model.layers.0.linear_attn.in_proj_qkv.weight,4,False,0.007507956121116877,0.011641384102404118,0.265625,0.613979697227478,0.8558558821678162,6291456
model.layers.0.linear_attn.in_proj_z.weight,4,False,0.00820493046194315,0.012312719598412514,0.3359375,0.6182227730751038,0.8701692223548889,2097152
model.layers.0.linear_attn.in_proj_b.weight,4,False,0.008113008923828602,0.012720921076834202,0.115234375,0.6181401610374451,0.8502733707427979,16384
model.layers.0.linear_attn.in_proj_a.weight,4,False,0.022376585751771927,0.031061427667737007,0.1162109375,0.6866649985313416,0.7267978191375732,16384
model.layers.0.mlp.gate_proj.weight,4,False,0.005358305759727955,0.007481237407773733,0.11083984375,0.6113551259040833,0.9043471217155457,3670016
model.layers.0.mlp.up_proj.weight,4,False,0.00371349835768342,0.004822851624339819,0.07568359375,0.6395055055618286,0.8999601602554321,3670016
model.layers.0.mlp.down_proj.weight,4,False,0.0036853961646556854,0.0048358254134655,0.142578125,0.6436406373977661,0.8965062499046326,3670016
model.layers.0.input_layernorm.weight,4,False,0.11645489931106567,0.16643017530441284,0.875,0.4267754554748535,0.8944202065467834,1024
model.layers.0.post_attention_layernorm.weight,4,False,0.061431363224983215,0.07397012412548065,0.232421875,0.5850737690925598,0.8409803509712219,1024
model.layers.1.linear_attn.dt_bias,4,False,1.63397216796875,1.9902580976486206,4.0,0.7046627998352051,0.9124054312705994,16
model.layers.1.linear_attn.A_log,4,False,0.521697998046875,0.7221697568893433,1.59375,0.558406412601471,0.8570933938026428,16
model.layers.1.linear_attn.conv1d.weight,4,False,0.02017182670533657,0.04677795246243477,1.6953125,0.7018279433250427,0.82492595911026,24576
model.layers.1.linear_attn.norm.weight,4,False,0.8012123107910156,0.8067197203636169,0.94921875,0.8631854057312012,0.9948782324790955,128
model.layers.1.linear_attn.out_proj.weight,4,False,0.005614831577986479,0.008063053712248802,0.19921875,0.6210083961486816,0.8988697528839111,2097152
model.layers.1.linear_attn.in_proj_qkv.weight,4,False,0.007790911942720413,0.01168248150497675,0.1875,0.6150767207145691,0.8716288805007935,6291456
model.layers.1.linear_attn.in_proj_z.weight,4,False,0.009469559416174889,0.014069529250264168,0.1162109375,0.626529335975647,0.8701050281524658,2097152
model.layers.1.linear_attn.in_proj_b.weight,4,False,0.008774013258516788,0.01342928409576416,0.11669921875,0.6242202520370483,0.8441433310508728,16384
model.layers.1.linear_attn.in_proj_a.weight,4,False,0.01625896245241165,0.024129897356033325,0.11669921875,0.6534751653671265,0.7653586864471436,16384
model.layers.1.mlp.gate_proj.weight,4,False,0.00601681275293231,0.008489362895488739,0.11572265625,0.6105748414993286,0.9022173285484314,3670016
model.layers.1.mlp.up_proj.weight,4,False,0.0037130997516214848,0.004826014395803213,0.09375,0.639539897441864,0.8998253345489502,3670016
model.layers.1.mlp.down_proj.weight,4,False,0.003718812018632889,0.004917567130178213,0.11669921875,0.6447070240974426,0.896666407585144,3670016
model.layers.1.input_layernorm.weight,4,False,0.30756744742393494,0.31816565990448,0.6640625,0.7079905867576599,0.9888120293617249,1024
model.layers.1.post_attention_layernorm.weight,4,False,0.07037603110074997,0.0768345296382904,0.353515625,0.4223298132419586,0.9785580635070801,1024
model.layers.2.linear_attn.dt_bias,4,False,1.23443603515625,1.5931473970413208,3.46875,0.6542212963104248,0.9239513874053955,16
model.layers.2.linear_attn.A_log,4,False,0.8299942016601562,0.9493053555488586,1.7578125,0.7793339490890503,0.7904505133628845,16
model.layers.2.linear_attn.conv1d.weight,4,False,0.02352975867688656,0.05446659028530121,1.234375,0.6946225166320801,0.8473660945892334,24576
model.layers.2.linear_attn.norm.weight,4,False,0.8090667724609375,0.8170025944709778,0.9638671875,0.8632159233093262,0.9926859140396118,128
model.layers.2.linear_attn.out_proj.weight,4,False,0.005509722977876663,0.007987684570252895,0.171875,0.6252468824386597,0.896953821182251,2097152
model.layers.2.linear_attn.in_proj_qkv.weight,4,False,0.008115784265100956,0.012315327301621437,0.125,0.6168710589408875,0.8650017976760864,6291456
model.layers.2.linear_attn.in_proj_z.weight,4,False,0.009562663733959198,0.014470282010734081,0.11669921875,0.6260613799095154,0.8603023290634155,2097152
model.layers.2.linear_attn.in_proj_b.weight,4,False,0.008566431701183319,0.01365734077990055,0.11572265625,0.6245755553245544,0.8324854373931885,16384
model.layers.2.linear_attn.in_proj_a.weight,4,False,0.014728017151355743,0.021648962050676346,0.11474609375,0.6488382816314697,0.7964757084846497,16384
model.layers.2.mlp.gate_proj.weight,4,False,0.007743449416011572,0.011183619499206543,0.11669921875,0.6149855852127075,0.889778733253479,3670016
model.layers.2.mlp.up_proj.weight,4,False,0.0035624222364276648,0.00460522947832942,0.1005859375,0.647113025188446,0.8947722315788269,3670016
model.layers.2.mlp.down_proj.weight,4,False,0.0035706243943423033,0.004699882585555315,0.115234375,0.6499037146568298,0.8940145969390869,3670016
model.layers.2.input_layernorm.weight,4,False,0.317419171333313,0.33057084679603577,0.79296875,0.7080051302909851,0.9829805493354797,1024
model.layers.2.post_attention_layernorm.weight,4,False,0.14066503942012787,0.14916445314884186,0.50390625,0.5548542737960815,0.9833278059959412,1024
model.layers.3.self_attn.q_proj.weight,4,False,0.009460344910621643,0.014945016242563725,0.125,0.6302013993263245,0.8412750959396362,4194304
model.layers.3.self_attn.k_proj.weight,4,False,0.005425474140793085,0.00806712917983532,0.10595703125,0.6243641376495361,0.8822656273841858,524288
model.layers.3.self_attn.v_proj.weight,4,False,0.005630757659673691,0.008291651494801044,0.1162109375,0.6234658360481262,0.8863239884376526,524288
model.layers.3.self_attn.o_proj.weight,4,False,0.005329268053174019,0.00778407184407115,0.201171875,0.6270167231559753,0.8927369117736816,2097152
model.layers.3.self_attn.q_norm.weight,4,False,0.30545127391815186,0.3511170744895935,1.1015625,0.6689879298210144,0.9288477897644043,256
model.layers.3.self_attn.k_norm.weight,4,False,0.30872583389282227,0.3616882860660553,1.5078125,0.6715162992477417,0.9196988344192505,256
model.layers.3.mlp.gate_proj.weight,4,False,0.007720420602709055,0.011327809654176235,0.11669921875,0.6161211133003235,0.8836672306060791,3670016
model.layers.3.mlp.up_proj.weight,4,False,0.003509287256747484,0.004526296630501747,0.08642578125,0.6498623490333557,0.8930675983428955,3670016
model.layers.3.mlp.down_proj.weight,4,False,0.0034956822637468576,0.004599332343786955,0.11474609375,0.6516798734664917,0.8941693305969238,3670016
model.layers.3.input_layernorm.weight,4,False,0.22491057217121124,0.23635831475257874,0.71484375,0.6453408002853394,0.9845978021621704,1024
model.layers.3.post_attention_layernorm.weight,4,False,0.12251890450716019,0.13324619829654694,0.337890625,0.5324975848197937,0.9835196733474731,1024
model.layers.4.linear_attn.dt_bias,4,False,1.6898040771484375,2.1567795276641846,3.53125,0.6293399930000305,0.9621654152870178,16
model.layers.4.linear_attn.A_log,4,False,0.710479736328125,0.7995619773864746,1.265625,0.696082592010498,0.8844046592712402,16
model.layers.4.linear_attn.conv1d.weight,4,False,0.03055340237915516,0.06814223527908325,0.9375,0.6874354481697083,0.8889737725257874,24576
model.layers.4.linear_attn.norm.weight,4,False,0.757232666015625,0.7683928608894348,0.951171875,0.8539369702339172,0.9892386198043823,128
model.layers.4.linear_attn.out_proj.weight,4,False,0.005089232698082924,0.007400953210890293,0.1171875,0.6311015486717224,0.8958001136779785,2097152
model.layers.4.linear_attn.in_proj_qkv.weight,4,False,0.009008589200675488,0.013890866190195084,0.23046875,0.6218855381011963,0.8494345545768738,6291456
model.layers.4.linear_attn.in_proj_z.weight,4,False,0.008484231308102608,0.013107323087751865,0.11669921875,0.6276992559432983,0.8596494197845459,2097152
model.layers.4.linear_attn.in_proj_b.weight,4,False,0.0067512039095163345,0.010736341588199139,0.10986328125,0.622793436050415,0.8461730480194092,16384
model.layers.4.linear_attn.in_proj_a.weight,4,False,0.014508833177387714,0.02134006656706333,0.11669921875,0.6471452713012695,0.8122839331626892,16384
model.layers.4.mlp.gate_proj.weight,4,False,0.007276351097971201,0.010623248293995857,0.115234375,0.6152823567390442,0.8874273300170898,3670016
model.layers.4.mlp.up_proj.weight,4,False,0.00355086219497025,0.004606756381690502,0.08349609375,0.649388313293457,0.8938354253768921,3670016
model.layers.4.mlp.down_proj.weight,4,False,0.0035187972243875265,0.004650255665183067,0.11669921875,0.6520046591758728,0.8939984440803528,3670016
model.layers.4.input_layernorm.weight,4,False,0.3658212721347809,0.3795633316040039,0.71484375,0.7367216348648071,0.9849424362182617,1024
model.layers.4.post_attention_layernorm.weight,4,False,0.11611050367355347,0.12478852272033691,0.248046875,0.5212237238883972,0.9842343330383301,1024
model.layers.5.linear_attn.dt_bias,4,False,1.63189697265625,1.9507198333740234,4.5,0.5916759371757507,0.9639534950256348,16
model.layers.5.linear_attn.A_log,4,False,0.508148193359375,0.7380251884460449,1.546875,0.4528498649597168,0.9147133827209473,16
model.layers.5.linear_attn.conv1d.weight,4,False,0.024875884875655174,0.055197760462760925,1.2734375,0.6914947628974915,0.88383549451828,24576
model.layers.5.linear_attn.norm.weight,4,False,0.8098335266113281,0.817467987537384,0.994140625,0.8637043833732605,0.992966890335083,128
model.layers.5.linear_attn.out_proj.weight,4,False,0.005144077353179455,0.007454657927155495,0.14453125,0.6293196678161621,0.8973152041435242,2097152
model.layers.5.linear_attn.in_proj_qkv.weight,4,False,0.008380751125514507,0.01279151439666748,0.216796875,0.6196455359458923,0.8609108328819275,6291456
model.layers.5.linear_attn.in_proj_z.weight,4,False,0.0077029038220644,0.011690785177052021,0.11669921875,0.6200408935546875,0.8695364594459534,2097152
model.layers.5.linear_attn.in_proj_b.weight,4,False,0.006857401225715876,0.010598390363156796,0.10986328125,0.6223548650741577,0.8621218204498291,16384
model.layers.5.linear_attn.in_proj_a.weight,4,False,0.01266818679869175,0.018624035641551018,0.115234375,0.6399772763252258,0.843117356300354,16384
model.layers.5.mlp.gate_proj.weight,4,False,0.0066841840744018555,0.009794559329748154,0.11572265625,0.615748941898346,0.8878464698791504,3670016
model.layers.5.mlp.up_proj.weight,4,False,0.003618147224187851,0.004726405721157789,0.05859375,0.6483403444290161,0.8948572278022766,3670016
model.layers.5.mlp.down_proj.weight,4,False,0.00355459819547832,0.00473030423745513,0.115234375,0.6510165333747864,0.8951425552368164,3670016
model.layers.5.input_layernorm.weight,4,False,0.3239235281944275,0.3418424427509308,0.6484375,0.7138729691505432,0.9809667468070984,1024
model.layers.5.post_attention_layernorm.weight,4,False,0.11206088960170746,0.12204530835151672,0.240234375,0.5042109489440918,0.9771329164505005,1024
model.layers.6.linear_attn.dt_bias,4,False,1.334564208984375,1.774766445159912,4.0,0.6671525835990906,0.8959836959838867,16
model.layers.6.linear_attn.A_log,4,False,0.5712890625,0.7014584541320801,1.578125,0.7167006134986877,0.8121499419212341,16
model.layers.6.linear_attn.conv1d.weight,4,False,0.02192486636340618,0.05030959099531174,0.75,0.6836097836494446,0.8858795166015625,24576
model.layers.6.linear_attn.norm.weight,4,False,0.8538589477539062,0.8581448793411255,1.017578125,0.8710366487503052,0.996192991733551,128
model.layers.6.linear_attn.out_proj.weight,4,False,0.0052762324921786785,0.007667945697903633,0.11669921875,0.6296935677528381,0.8973567485809326,2097152
model.layers.6.linear_attn.in_proj_qkv.weight,4,False,0.007956748828291893,0.01214640587568283,0.11669921875,0.6181768178939819,0.8642574548721313,6291456
model.layers.6.linear_attn.in_proj_z.weight,4,False,0.007365573197603226,0.011193809099495411,0.11669921875,0.618475615978241,0.870315670967102,2097152
model.layers.6.linear_attn.in_proj_b.weight,4,False,0.007968313060700893,0.012327723205089569,0.11376953125,0.6226800084114075,0.857856273651123,16384
model.layers.6.linear_attn.in_proj_a.weight,4,False,0.011695127934217453,0.017253514379262924,0.1142578125,0.6334947347640991,0.8502538204193115,16384
model.layers.6.mlp.gate_proj.weight,4,False,0.006185080390423536,0.009271672926843166,0.11669921875,0.6232648491859436,0.881569504737854,3670016
model.layers.6.mlp.up_proj.weight,4,False,0.0036377981305122375,0.004815137945115566,0.10400390625,0.6497946977615356,0.8926551342010498,3670016
model.layers.6.mlp.down_proj.weight,4,False,0.0035258319694548845,0.004734521731734276,0.1083984375,0.6542486548423767,0.8925454616546631,3670016
model.layers.6.input_layernorm.weight,4,False,0.2740158438682556,0.29007488489151,0.55859375,0.6882740259170532,0.9841827750205994,1024
model.layers.6.post_attention_layernorm.weight,4,False,0.08132858574390411,0.0929984301328659,0.265625,0.46329188346862793,0.9667665958404541,1024
model.layers.7.self_attn.q_proj.weight,4,False,0.0069188643246889114,0.010828979313373566,0.138671875,0.6264415383338928,0.8619217872619629,4194304
model.layers.7.self_attn.k_proj.weight,4,False,0.004577416926622391,0.006507127080112696,0.0947265625,0.6342921257019043,0.8923514485359192,524288
model.layers.7.self_attn.v_proj.weight,4,False,0.005124067422002554,0.007675912696868181,0.10595703125,0.6357010006904602,0.8830362558364868,524288
model.layers.7.self_attn.o_proj.weight,4,False,0.00480642868205905,0.007002080790698528,0.10546875,0.6344617605209351,0.8949877023696899,2097152
model.layers.7.self_attn.q_norm.weight,4,False,0.3805065155029297,0.3979317843914032,0.8984375,0.7389088869094849,0.9750537872314453,256
model.layers.7.self_attn.k_norm.weight,4,False,0.3749806880950928,0.40166130661964417,0.9375,0.7290240526199341,0.9640321731567383,256
model.layers.7.mlp.gate_proj.weight,4,False,0.005484390072524548,0.008014095947146416,0.115234375,0.6206874847412109,0.8897345066070557,3670016
model.layers.7.mlp.up_proj.weight,4,False,0.003669261932373047,0.004844558425247669,0.068359375,0.647892415523529,0.8944963812828064,3670016
model.layers.7.mlp.down_proj.weight,4,False,0.0035399917978793383,0.004758968949317932,0.115234375,0.6534314751625061,0.892703115940094,3670016
model.layers.7.input_layernorm.weight,4,False,0.06400305032730103,0.07805877923965454,0.3984375,0.4588758051395416,0.9294289946556091,1024
model.layers.7.post_attention_layernorm.weight,4,False,0.08815118670463562,0.10172047466039658,0.322265625,0.4660817086696625,0.9621995091438293,1024
model.layers.8.linear_attn.dt_bias,4,False,1.2435302734375,1.555144190788269,2.6875,0.5455055832862854,0.9660859704017639,16
model.layers.8.linear_attn.A_log,4,False,0.89788818359375,1.0166243314743042,1.765625,0.7395747900009155,0.7331692576408386,16
model.layers.8.linear_attn.conv1d.weight,4,False,0.021146312355995178,0.04676339030265808,0.60546875,0.6865994334220886,0.8843228220939636,24576
model.layers.8.linear_attn.norm.weight,4,False,0.872100830078125,0.877314031124115,1.02734375,0.8731359243392944,0.9954447150230408,128
model.layers.8.linear_attn.out_proj.weight,4,False,0.004957865923643112,0.007239816710352898,0.11669921875,0.63407963514328,0.89545738697052,2097152
model.layers.8.linear_attn.in_proj_qkv.weight,4,False,0.007926561869680882,0.012199190445244312,0.11669921875,0.6201278567314148,0.8596121668815613,6291456
model.layers.8.linear_attn.in_proj_z.weight,4,False,0.006664888001978397,0.010126995854079723,0.2265625,0.6213647723197937,0.8739514946937561,2097152
model.layers.8.linear_attn.in_proj_b.weight,4,False,0.006243393290787935,0.00940647628158331,0.1083984375,0.6238119006156921,0.8772138953208923,16384
model.layers.8.linear_attn.in_proj_a.weight,4,False,0.01187826320528984,0.01766788214445114,0.115234375,0.6319533586502075,0.845337450504303,16384
model.layers.8.mlp.gate_proj.weight,4,False,0.005041365511715412,0.007316948380321264,0.11669921875,0.6254987716674805,0.890232503414154,3670016
model.layers.8.mlp.up_proj.weight,4,False,0.0036373683251440525,0.004799619782716036,0.0693359375,0.6496158838272095,0.893488883972168,3670016
model.layers.8.mlp.down_proj.weight,4,False,0.0034686606377363205,0.00463935686275363,0.11376953125,0.6560223698616028,0.8909650444984436,3670016
model.layers.8.input_layernorm.weight,4,False,0.29596906900405884,0.31710270047187805,0.5234375,0.6904521584510803,0.9726887941360474,1024
model.layers.8.post_attention_layernorm.weight,4,False,0.08976130187511444,0.10924799740314484,0.37109375,0.4953191876411438,0.9486610293388367,1024
model.layers.9.linear_attn.dt_bias,4,False,1.48828125,1.606482982635498,2.71875,0.6427059173583984,0.9553608894348145,16
model.layers.9.linear_attn.A_log,4,False,0.8968143463134766,1.0761936902999878,1.8671875,0.651125967502594,0.800111711025238,16
model.layers.9.linear_attn.conv1d.weight,4,False,0.01931055448949337,0.04287165775895119,1.140625,0.6894146800041199,0.8796027898788452,24576
model.layers.9.linear_attn.norm.weight,4,False,0.8918113708496094,0.89485764503479,1.0693359375,0.876340389251709,0.9973782896995544,128
model.layers.9.linear_attn.out_proj.weight,4,False,0.004834308288991451,0.007131749764084816,0.115234375,0.6376509666442871,0.8922357559204102,2097152
model.layers.9.linear_attn.in_proj_qkv.weight,4,False,0.007471352815628052,0.01143711805343628,0.1484375,0.6194713115692139,0.8655146956443787,6291456
model.layers.9.linear_attn.in_proj_z.weight,4,False,0.006567937321960926,0.009928867220878601,0.259765625,0.6220808625221252,0.8774255514144897,2097152
model.layers.9.linear_attn.in_proj_b.weight,4,False,0.008690956048667431,0.013235239312052727,0.1083984375,0.6224851012229919,0.8473426103591919,16384
model.layers.9.linear_attn.in_proj_a.weight,4,False,0.013727584853768349,0.02020241506397724,0.1220703125,0.652813196182251,0.8341398239135742,16384
model.layers.9.mlp.gate_proj.weight,4,False,0.004590357653796673,0.0065877786837518215,0.10595703125,0.6325691938400269,0.890126645565033,3670016
model.layers.9.mlp.up_proj.weight,4,False,0.0036637051962316036,0.004855514504015446,0.06884765625,0.6490746140480042,0.8935651779174805,3670016
model.layers.9.mlp.down_proj.weight,4,False,0.0034882475156337023,0.004715268034487963,0.11328125,0.6563200354576111,0.8901836276054382,3670016
model.layers.9.input_layernorm.weight,4,False,0.28937768936157227,0.3147314786911011,0.5390625,0.6768040060997009,0.9629209637641907,1024
model.layers.9.post_attention_layernorm.weight,4,False,0.08716265112161636,0.10921905189752579,0.390625,0.5180076956748962,0.9394903182983398,1024
model.layers.10.linear_attn.dt_bias,4,False,1.60986328125,1.9213101863861084,5.0,0.7323398590087891,0.8987982869148254,16
model.layers.10.linear_attn.A_log,4,False,1.1492919921875,1.2264338731765747,1.75,0.8741316795349121,0.9479365944862366,16
model.layers.10.linear_attn.conv1d.weight,4,False,0.019292986020445824,0.043627627193927765,1.2109375,0.6872701644897461,0.8862034678459167,24576
model.layers.10.linear_attn.norm.weight,4,False,0.9165267944335938,0.9186111688613892,1.0341796875,0.8795092105865479,0.9982416033744812,128
model.layers.10.linear_attn.out_proj.weight,4,False,0.0050547365099191666,0.007411112543195486,0.142578125,0.6338282227516174,0.8945680260658264,2097152
model.layers.10.linear_attn.in_proj_qkv.weight,4,False,0.0075638131238520145,0.011750025674700737,0.12890625,0.6218474507331848,0.8593305945396423,6291456
model.layers.10.linear_attn.in_proj_z.weight,4,False,0.006207348313182592,0.009170535951852798,0.115234375,0.6192536950111389,0.8857702612876892,2097152
model.layers.10.linear_attn.in_proj_b.weight,4,False,0.008590294048190117,0.013015199452638626,0.11474609375,0.617540180683136,0.8575281500816345,16384
model.layers.10.linear_attn.in_proj_a.weight,4,False,0.012696916237473488,0.0185878723859787,0.1015625,0.6394838094711304,0.8432682752609253,16384
model.layers.10.mlp.gate_proj.weight,4,False,0.004734368529170752,0.0071113258600234985,0.1162109375,0.6372290849685669,0.8761048316955566,3670016
model.layers.10.mlp.up_proj.weight,4,False,0.003623953554779291,0.00479876808822155,0.07373046875,0.6514066457748413,0.8914712071418762,3670016
model.layers.10.mlp.down_proj.weight,4,False,0.0034411228261888027,0.004621500615030527,0.11376953125,0.6584609150886536,0.8871847987174988,3670016
model.layers.10.input_layernorm.weight,4,False,0.24035325646400452,0.269242525100708,0.51953125,0.6308059692382812,0.953585684299469,1024
model.layers.10.post_attention_layernorm.weight,4,False,0.07047458738088608,0.09844993054866791,0.390625,0.5065224170684814,0.8983165621757507,1024
model.layers.11.self_attn.q_proj.weight,4,False,0.006312103476375341,0.009543369524180889,0.1162109375,0.6222330927848816,0.8773615956306458,4194304
model.layers.11.self_attn.k_proj.weight,4,False,0.005053486675024033,0.007521304301917553,0.10498046875,0.6382613778114319,0.8840303421020508,524288
model.layers.11.self_attn.v_proj.weight,4,False,0.006605267059057951,0.009767833165824413,0.115234375,0.6213301420211792,0.8853366374969482,524288
model.layers.11.self_attn.o_proj.weight,4,False,0.005026362836360931,0.007430871017277241,0.109375,0.6336460709571838,0.8914905786514282,2097152
model.layers.11.self_attn.q_norm.weight,4,False,0.5288467407226562,0.5419148206710815,1.0078125,0.8029642701148987,0.9847791790962219,256
model.layers.11.self_attn.k_norm.weight,4,False,0.5289115905761719,0.5459916591644287,1.1875,0.7995885014533997,0.9808202981948853,256
model.layers.11.mlp.gate_proj.weight,4,False,0.004680661950260401,0.007003519684076309,0.11669921875,0.6356745958328247,0.8765411376953125,3670016
model.layers.11.mlp.up_proj.weight,4,False,0.0036689885891973972,0.004871030803769827,0.1005859375,0.6498298048973083,0.8922983407974243,3670016
model.layers.11.mlp.down_proj.weight,4,False,0.003489212365821004,0.00470564654096961,0.11474609375,0.6567510366439819,0.8888267874717712,3670016
model.layers.11.input_layernorm.weight,4,False,0.11650831252336502,0.14263102412223816,0.57421875,0.529991865158081,0.9427213668823242,1024
model.layers.11.post_attention_layernorm.weight,4,False,0.07061813771724701,0.08506879210472107,0.310546875,0.46515026688575745,0.9408090710639954,1024
model.layers.12.linear_attn.dt_bias,4,False,2.04931640625,2.2925868034362793,4.65625,0.7050729393959045,0.9621063470840454,16
model.layers.12.linear_attn.A_log,4,False,0.6792049407958984,0.9070395827293396,1.671875,0.5822458863258362,0.8561188578605652,16
model.layers.12.linear_attn.conv1d.weight,4,False,0.028800278902053833,0.06689531356096268,1.1328125,0.6726851463317871,0.8923609256744385,24576
model.layers.12.linear_attn.norm.weight,4,False,0.8689041137695312,0.8714039921760559,1.015625,0.8736166954040527,0.9978052973747253,128
model.layers.12.linear_attn.out_proj.weight,4,False,0.004812775645405054,0.007065542973577976,0.115234375,0.6366690397262573,0.8926419615745544,2097152
model.layers.12.linear_attn.in_proj_qkv.weight,4,False,0.008648856543004513,0.013583178631961346,0.146484375,0.6256520748138428,0.8453719019889832,6291456
model.layers.12.linear_attn.in_proj_z.weight,4,False,0.006710251793265343,0.010440231300890446,0.11669921875,0.6248928904533386,0.8642380833625793,2097152
model.layers.12.linear_attn.in_proj_b.weight,4,False,0.00733129121363163,0.011024926789104939,0.10791015625,0.6203657984733582,0.8739603161811829,16384
model.layers.12.linear_attn.in_proj_a.weight,4,False,0.014186485670506954,0.020964011549949646,0.11669921875,0.6469990015029907,0.8192973732948303,16384
model.layers.12.mlp.gate_proj.weight,4,False,0.0051340204663574696,0.007929939776659012,0.11669921875,0.6327205300331116,0.8680392503738403,3670016
model.layers.12.mlp.up_proj.weight,4,False,0.0035957752261310816,0.004738488234579563,0.0830078125,0.6522679328918457,0.8915348052978516,3670016
model.layers.12.mlp.down_proj.weight,4,False,0.003442991292104125,0.004597092047333717,0.09814453125,0.658363938331604,0.8890321254730225,3670016
model.layers.12.input_layernorm.weight,4,False,0.38375362753868103,0.41519710421562195,0.72265625,0.7467456459999084,0.9728667736053467,1024
model.layers.12.post_attention_layernorm.weight,4,False,0.06519186496734619,0.07545346021652222,0.212890625,0.3974896967411041,0.9651410579681396,1024
model.layers.13.linear_attn.dt_bias,4,False,0.98822021484375,1.2769415378570557,3.34375,0.6450756192207336,0.8837127089500427,16
model.layers.13.linear_attn.A_log,4,False,1.00390625,1.1320891380310059,1.8671875,0.7858397960662842,0.592409074306488,16
model.layers.13.linear_attn.conv1d.weight,4,False,0.0230121910572052,0.05063842982053757,0.640625,0.6774241328239441,0.9029516577720642,24576
model.layers.13.linear_attn.norm.weight,4,False,0.908477783203125,0.9102140069007874,1.025390625,0.8786568641662598,0.9985250234603882,128
model.layers.13.linear_attn.out_proj.weight,4,False,0.0050168088637292385,0.007313340902328491,0.1875,0.6324703097343445,0.8955690264701843,2097152
model.layers.13.linear_attn.in_proj_qkv.weight,4,False,0.008080857805907726,0.012621833942830563,0.11669921875,0.6216102242469788,0.8517965078353882,6291456
model.layers.13.linear_attn.in_proj_z.weight,4,False,0.006479278206825256,0.009844851680099964,0.11669921875,0.618567705154419,0.873777449131012,2097152
model.layers.13.linear_attn.in_proj_b.weight,4,False,0.007336623966693878,0.011148255318403244,0.11279296875,0.6220046281814575,0.8716119527816772,16384
model.layers.13.linear_attn.in_proj_a.weight,4,False,0.011596868745982647,0.017170067876577377,0.111328125,0.6350820660591125,0.8503417372703552,16384
model.layers.13.mlp.gate_proj.weight,4,False,0.005336032714694738,0.008301079273223877,0.11669921875,0.6316880583763123,0.8660803437232971,3670016
model.layers.13.mlp.up_proj.weight,4,False,0.0036192345432937145,0.0047858282923698425,0.095703125,0.6504393219947815,0.8913578391075134,3670016
model.layers.13.mlp.down_proj.weight,4,False,0.0034685686696320772,0.004634542856365442,0.10693359375,0.6574254035949707,0.8897985816001892,3670016
model.layers.13.input_layernorm.weight,4,False,0.32425960898399353,0.3517985939979553,0.7109375,0.7166410088539124,0.9722095131874084,1024
model.layers.13.post_attention_layernorm.weight,4,False,0.06462918221950531,0.07405178248882294,0.244140625,0.39365777373313904,0.9750975966453552,1024
model.layers.14.linear_attn.dt_bias,4,False,1.318359375,1.9001737833023071,5.3125,0.5763983726501465,0.9094695448875427,16
model.layers.14.linear_attn.A_log,4,False,0.9285888671875,1.0430607795715332,1.6640625,0.7726214528083801,0.6816563010215759,16
model.layers.14.linear_attn.conv1d.weight,4,False,0.023622607812285423,0.05368121713399887,0.61328125,0.6695035099983215,0.9052587747573853,24576
model.layers.14.linear_attn.norm.weight,4,False,0.8880271911621094,0.8901336789131165,1.001953125,0.8761127591133118,0.9981800317764282,128
model.layers.14.linear_attn.out_proj.weight,4,False,0.005046274047344923,0.007495577912777662,0.1162109375,0.6345751881599426,0.8889279961585999,2097152
model.layers.14.linear_attn.in_proj_qkv.weight,4,False,0.008119363337755203,0.012816415168344975,0.31640625,0.6246604323387146,0.8471373915672302,6291456
model.layers.14.linear_attn.in_proj_z.weight,4,False,0.0069658029824495316,0.01079415250569582,0.11669921875,0.6238865256309509,0.8637064695358276,2097152
model.layers.14.linear_attn.in_proj_b.weight,4,False,0.007082550786435604,0.010831502266228199,0.09912109375,0.6180087327957153,0.86520916223526,16384
model.layers.14.linear_attn.in_proj_a.weight,4,False,0.011491764336824417,0.017004461959004402,0.10693359375,0.6317072510719299,0.8431694507598877,16384
model.layers.14.mlp.gate_proj.weight,4,False,0.005784985143691301,0.009564170613884926,0.21484375,0.6388994455337524,0.8415865898132324,3670016
model.layers.14.mlp.up_proj.weight,4,False,0.003658741246908903,0.004907792899757624,0.103515625,0.6521199345588684,0.88953697681427,3670016
model.layers.14.mlp.down_proj.weight,4,False,0.0034476607106626034,0.004627279005944729,0.11669921875,0.6615143418312073,0.8830843567848206,3670016
model.layers.14.input_layernorm.weight,4,False,0.27866145968437195,0.3006135821342468,0.57421875,0.6936760544776917,0.9754642844200134,1024
model.layers.14.post_attention_layernorm.weight,4,False,0.06384682655334473,0.07049265503883362,0.21484375,0.35082554817199707,0.9833020567893982,1024
model.layers.15.self_attn.q_proj.weight,4,False,0.007159740664064884,0.011010331101715565,0.142578125,0.6243817806243896,0.867834746837616,4194304
model.layers.15.self_attn.k_proj.weight,4,False,0.004937889985740185,0.007437652908265591,0.11572265625,0.6414622068405151,0.8802284002304077,524288
model.layers.15.self_attn.v_proj.weight,4,False,0.007419731933623552,0.011745886877179146,0.17578125,0.6257634162902832,0.8491117358207703,524288
model.layers.15.self_attn.o_proj.weight,4,False,0.006204085424542427,0.009267826564610004,0.11328125,0.6249224543571472,0.8846675157546997,2097152
model.layers.15.self_attn.q_norm.weight,4,False,0.5336151123046875,0.5533261299133301,1.171875,0.8004875183105469,0.9761829972267151,256
model.layers.15.self_attn.k_norm.weight,4,False,0.5348701477050781,0.5626428127288818,1.3046875,0.7965400815010071,0.968548059463501,256
model.layers.15.mlp.gate_proj.weight,4,False,0.0062280623242259026,0.009852694347500801,0.19140625,0.6277008652687073,0.8591811656951904,3670016
model.layers.15.mlp.up_proj.weight,4,False,0.0038533401675522327,0.005260043311864138,0.1064453125,0.6448975205421448,0.8916903734207153,3670016
model.layers.15.mlp.down_proj.weight,4,False,0.0037113053258508444,0.00505501963198185,0.1142578125,0.6522499322891235,0.8880955576896667,3670016
model.layers.15.input_layernorm.weight,4,False,0.09370288252830505,0.10453132539987564,0.55078125,0.4706585705280304,0.9750168323516846,1024
model.layers.15.post_attention_layernorm.weight,4,False,0.11985114216804504,0.12421166896820068,0.267578125,0.49364155530929565,0.9914201498031616,1024
model.layers.16.linear_attn.dt_bias,4,False,1.420623779296875,1.746366262435913,3.25,0.6046328544616699,0.9742690324783325,16
model.layers.16.linear_attn.A_log,4,False,0.831787109375,1.0281672477722168,1.6796875,0.6544954776763916,0.747919499874115,16
model.layers.16.linear_attn.conv1d.weight,4,False,0.03843162581324577,0.08772170543670654,1.6484375,0.6774421334266663,0.8941600322723389,24576
model.layers.16.linear_attn.norm.weight,4,False,0.772491455078125,0.7774263024330139,0.95703125,0.859333872795105,0.9952858090400696,128
model.layers.16.linear_attn.out_proj.weight,4,False,0.004782494157552719,0.006972187198698521,0.142578125,0.6380356550216675,0.8911011815071106,2097152
model.layers.16.linear_attn.in_proj_qkv.weight,4,False,0.010303539223968983,0.016104064881801605,0.216796875,0.6302100419998169,0.8280588388442993,6291456
model.layers.16.linear_attn.in_proj_z.weight,4,False,0.007194289471954107,0.011277416720986366,0.11669921875,0.6276906132698059,0.8602209091186523,2097152
model.layers.16.linear_attn.in_proj_b.weight,4,False,0.007883153855800629,0.012399575673043728,0.1044921875,0.6275690197944641,0.8495162725448608,16384
model.layers.16.linear_attn.in_proj_a.weight,4,False,0.01321918424218893,0.01988316886126995,0.11669921875,0.6402536034584045,0.8204010725021362,16384
model.layers.16.mlp.gate_proj.weight,4,False,0.006965358275920153,0.010742259211838245,0.15234375,0.6218329668045044,0.8649418950080872,3670016
model.layers.16.mlp.up_proj.weight,4,False,0.003854708978906274,0.005115962587296963,0.07470703125,0.6406784057617188,0.8986597657203674,3670016
model.layers.16.mlp.down_proj.weight,4,False,0.003707572817802429,0.004940000828355551,0.1142578125,0.6490090489387512,0.8944229483604431,3670016
model.layers.16.input_layernorm.weight,4,False,0.4388662576675415,0.4515687823295593,0.9453125,0.7722687125205994,0.9866120219230652,1024
model.layers.16.post_attention_layernorm.weight,4,False,0.18505871295928955,0.19295762479305267,0.3515625,0.6034314036369324,0.9900095462799072,1024
model.layers.17.linear_attn.dt_bias,4,False,1.48089599609375,1.8145701885223389,3.59375,0.6511046290397644,0.9685152769088745,16
model.layers.17.linear_attn.A_log,4,False,1.226318359375,1.2785112857818604,1.8125,0.894004762172699,0.9660174250602722,16
model.layers.17.linear_attn.conv1d.weight,4,False,0.05206839740276337,0.10624748468399048,0.828125,0.6666745543479919,0.9026760458946228,24576
model.layers.17.linear_attn.norm.weight,4,False,0.6905784606933594,0.697346568107605,0.9306640625,0.8445374369621277,0.9930128455162048,128
model.layers.17.linear_attn.out_proj.weight,4,False,0.004604702815413475,0.00673453975468874,0.11181640625,0.6433689594268799,0.8881078958511353,2097152
model.layers.17.linear_attn.in_proj_qkv.weight,4,False,0.011432084254920483,0.01726505160331726,0.26953125,0.6329503655433655,0.834381639957428,6291456
model.layers.17.linear_attn.in_proj_z.weight,4,False,0.007707113865762949,0.011970506981015205,0.1162109375,0.6276107430458069,0.8621600270271301,2097152
model.layers.17.linear_attn.in_proj_b.weight,4,False,0.006978842429816723,0.010853488929569721,0.1103515625,0.61483234167099,0.8632528185844421,16384
model.layers.17.linear_attn.in_proj_a.weight,4,False,0.012723485007882118,0.019146427512168884,0.11572265625,0.639445424079895,0.8056449890136719,16384
model.layers.17.mlp.gate_proj.weight,4,False,0.007863965816795826,0.01185997948050499,0.13671875,0.6194002032279968,0.868885338306427,3670016
model.layers.17.mlp.up_proj.weight,4,False,0.003864136291667819,0.005112210288643837,0.08251953125,0.6381068229675293,0.9000056982040405,3670016
model.layers.17.mlp.down_proj.weight,4,False,0.003711981000378728,0.00492856465280056,0.10693359375,0.6479025483131409,0.8954017758369446,3670016
model.layers.17.input_layernorm.weight,4,False,0.5498676300048828,0.5556212067604065,0.9609375,0.8111985325813293,0.9930895566940308,1024
model.layers.17.post_attention_layernorm.weight,4,False,0.23839224874973297,0.24765577912330627,0.49609375,0.6604217886924744,0.9889868497848511,1024
model.layers.18.linear_attn.dt_bias,4,False,2.11279296875,2.3648874759674072,4.21875,0.605496883392334,0.9645702242851257,16
model.layers.18.linear_attn.A_log,4,False,1.233154296875,1.263949990272522,1.671875,0.9035707116127014,0.979785144329071,16
model.layers.18.linear_attn.conv1d.weight,4,False,0.054032016545534134,0.10861429572105408,1.0703125,0.6577156186103821,0.9136905670166016,24576
model.layers.18.linear_attn.norm.weight,4,False,0.6654090881347656,0.6720859408378601,0.9443359375,0.8395023345947266,0.9929286241531372,128
model.layers.18.linear_attn.out_proj.weight,4,False,0.0043330686166882515,0.006233002059161663,0.12109375,0.644324541091919,0.8892604112625122,2097152
model.layers.18.linear_attn.in_proj_qkv.weight,4,False,0.011861256323754787,0.017978785559535027,0.2421875,0.6356753706932068,0.821336030960083,6291456
model.layers.18.linear_attn.in_proj_z.weight,4,False,0.007966549135744572,0.012480051256716251,0.11669921875,0.6319540739059448,0.8572366237640381,2097152
model.layers.18.linear_attn.in_proj_b.weight,4,False,0.007196059916168451,0.011073322035372257,0.115234375,0.6213480234146118,0.8627906441688538,16384
model.layers.18.linear_attn.in_proj_a.weight,4,False,0.011797510087490082,0.01753155142068863,0.111328125,0.6316160559654236,0.8201969861984253,16384
model.layers.18.mlp.gate_proj.weight,4,False,0.008510589599609375,0.012666136957705021,0.2421875,0.6205247044563293,0.870366632938385,3670016
model.layers.18.mlp.up_proj.weight,4,False,0.003920453134924173,0.005193026270717382,0.080078125,0.6353173851966858,0.9012551307678223,3670016
model.layers.18.mlp.down_proj.weight,4,False,0.003719964763149619,0.004935200791805983,0.146484375,0.6468539834022522,0.8958015441894531,3670016
model.layers.18.input_layernorm.weight,4,False,0.6073818206787109,0.6107343435287476,1.046875,0.8279426097869873,0.9962148666381836,1024
model.layers.18.post_attention_layernorm.weight,4,False,0.283786416053772,0.29326799511909485,0.4921875,0.6845512986183167,0.985812246799469,1024
model.layers.19.self_attn.q_proj.weight,4,False,0.007071039639413357,0.010933343321084976,0.11669921875,0.6227228045463562,0.8658279180526733,4194304
model.layers.19.self_attn.k_proj.weight,4,False,0.004770617000758648,0.0071493531577289104,0.11474609375,0.6372663378715515,0.878704309463501,524288
model.layers.19.self_attn.v_proj.weight,4,False,0.0089156748726964,0.014739206060767174,0.255859375,0.6267300248146057,0.8060824275016785,524288
model.layers.19.self_attn.o_proj.weight,4,False,0.007921162992715836,0.01178279984742403,0.115234375,0.6208195686340332,0.8774945139884949,2097152
model.layers.19.self_attn.q_norm.weight,4,False,0.393218994140625,0.4237370789051056,0.890625,0.7349392771720886,0.9565814137458801,256
model.layers.19.self_attn.k_norm.weight,4,False,0.3839569091796875,0.42457911372184753,1.3125,0.7259489893913269,0.9445945024490356,256
model.layers.19.mlp.gate_proj.weight,4,False,0.00809670239686966,0.01206908654421568,0.345703125,0.6189545392990112,0.8738287687301636,3670016
model.layers.19.mlp.up_proj.weight,4,False,0.004026329610496759,0.005341529380530119,0.07373046875,0.6309451460838318,0.9036909341812134,3670016
model.layers.19.mlp.down_proj.weight,4,False,0.00389484572224319,0.005177798680961132,0.1201171875,0.6381378769874573,0.8995627760887146,3670016
model.layers.19.input_layernorm.weight,4,False,0.10557711124420166,0.1394275426864624,0.515625,0.4611654579639435,0.9114305377006531,1024
model.layers.19.post_attention_layernorm.weight,4,False,0.23940110206604004,0.2458338737487793,0.373046875,0.6501693725585938,0.989851176738739,1024
model.layers.20.linear_attn.dt_bias,4,False,1.6649169921875,2.033750534057617,3.21875,0.5720311403274536,0.9668241739273071,16
model.layers.20.linear_attn.A_log,4,False,1.169189453125,1.230344295501709,1.6484375,0.8923535943031311,0.9588773846626282,16
model.layers.20.linear_attn.conv1d.weight,4,False,0.06272300332784653,0.1247468814253807,1.1796875,0.6644213199615479,0.893429696559906,24576
model.layers.20.linear_attn.norm.weight,4,False,0.6916656494140625,0.6970251798629761,0.9091796875,0.8452084064483643,0.9944666028022766,128
model.layers.20.linear_attn.out_proj.weight,4,False,0.0045282281935215,0.006499035283923149,0.142578125,0.6381895542144775,0.891456663608551,2097152
model.layers.20.linear_attn.in_proj_qkv.weight,4,False,0.01187416072934866,0.017939493060112,0.45703125,0.6347880959510803,0.8183348774909973,6291456
model.layers.20.linear_attn.in_proj_z.weight,4,False,0.008150666952133179,0.012891308404505253,0.18359375,0.6346679925918579,0.8521192669868469,2097152
model.layers.20.linear_attn.in_proj_b.weight,4,False,0.009139228612184525,0.013938846066594124,0.11083984375,0.6223505735397339,0.852380633354187,16384
model.layers.20.linear_attn.in_proj_a.weight,4,False,0.014883501455187798,0.021875541657209396,0.11669921875,0.6482299566268921,0.7881406545639038,16384
model.layers.20.mlp.gate_proj.weight,4,False,0.008085627108812332,0.011970970779657364,0.146484375,0.6170309782028198,0.8768960237503052,3670016
model.layers.20.mlp.up_proj.weight,4,False,0.00411022687330842,0.0054627289064228535,0.0830078125,0.6276938319206238,0.9053004384040833,3670016
model.layers.20.mlp.down_proj.weight,4,False,0.0039495849050581455,0.005244548432528973,0.125,0.635485827922821,0.9015184640884399,3670016
model.layers.20.input_layernorm.weight,4,False,0.524754524230957,0.5308729410171509,1.0703125,0.8046896457672119,0.9924373626708984,1024
model.layers.20.post_attention_layernorm.weight,4,False,0.2720470428466797,0.2780977189540863,0.4609375,0.6783179044723511,0.9905571937561035,1024
model.layers.21.linear_attn.dt_bias,4,False,1.78515625,2.064878463745117,3.625,0.6457635164260864,0.9614876508712769,16
model.layers.21.linear_attn.A_log,4,False,1.24951171875,1.3024626970291138,1.78125,0.9007031321525574,0.9660485982894897,16
model.layers.21.linear_attn.conv1d.weight,4,False,0.05959659814834595,0.11982561647891998,1.109375,0.65634685754776,0.8903930187225342,24576
model.layers.21.linear_attn.norm.weight,4,False,0.7603225708007812,0.7639473080635071,0.91015625,0.8577697277069092,0.9964939951896667,128
model.layers.21.linear_attn.out_proj.weight,4,False,0.00505696190521121,0.007309846580028534,0.134765625,0.6311677694320679,0.8939116597175598,2097152
model.layers.21.linear_attn.in_proj_qkv.weight,4,False,0.011466938070952892,0.0171795804053545,0.37109375,0.6322756409645081,0.8337087035179138,6291456
model.layers.21.linear_attn.in_proj_z.weight,4,False,0.008485812693834305,0.012932833284139633,0.1640625,0.626828670501709,0.8649170994758606,2097152
model.layers.21.linear_attn.in_proj_b.weight,4,False,0.007993781939148903,0.012147312983870506,0.11572265625,0.6193712949752808,0.8672082424163818,16384
model.layers.21.linear_attn.in_proj_a.weight,4,False,0.014254221692681313,0.021140621975064278,0.115234375,0.6427933573722839,0.7778813242912292,16384
model.layers.21.mlp.gate_proj.weight,4,False,0.008181569166481495,0.012131496332585812,0.248046875,0.617535412311554,0.8757754564285278,3670016
model.layers.21.mlp.up_proj.weight,4,False,0.004216018598526716,0.005641692318022251,0.10546875,0.6256131529808044,0.9055325984954834,3670016
model.layers.21.mlp.down_proj.weight,4,False,0.003991869743913412,0.005328046623617411,0.11181640625,0.6348620653152466,0.9010647535324097,3670016
model.layers.21.input_layernorm.weight,4,False,0.5966949462890625,0.6012087464332581,1.34375,0.8249477744102478,0.9948493838310242,1024
model.layers.21.post_attention_layernorm.weight,4,False,0.29077768325805664,0.2952241897583008,0.44921875,0.6928500533103943,0.9927135109901428,1024
model.layers.22.linear_attn.dt_bias,4,False,1.7867431640625,2.2652907371520996,5.40625,0.6859224438667297,0.9275846481323242,16
model.layers.22.linear_attn.A_log,4,False,1.178466796875,1.2332298755645752,1.5625,0.8903125524520874,0.9632615447044373,16
model.layers.22.linear_attn.conv1d.weight,4,False,0.05209538713097572,0.10026665776968002,1.1328125,0.6580783724784851,0.9072020053863525,24576
model.layers.22.linear_attn.norm.weight,4,False,0.91033935546875,0.9124324917793274,1.04296875,0.878823459148407,0.9982251524925232,128
model.layers.22.linear_attn.out_proj.weight,4,False,0.0053618308156728745,0.007768458221107721,0.19921875,0.6231862306594849,0.8930580615997314,2097152
model.layers.22.linear_attn.in_proj_qkv.weight,4,False,0.009708724915981293,0.014861525036394596,0.28125,0.6255325675010681,0.8446912169456482,6291456
model.layers.22.linear_attn.in_proj_z.weight,4,False,0.008447714149951935,0.012904899194836617,0.25390625,0.6219270825386047,0.860239565372467,2097152
model.layers.22.linear_attn.in_proj_b.weight,4,False,0.009270577691495419,0.014103172346949577,0.1044921875,0.6231153011322021,0.8469501733779907,16384
model.layers.22.linear_attn.in_proj_a.weight,4,False,0.01638060063123703,0.0238773375749588,0.1162109375,0.6563454866409302,0.7568343281745911,16384
model.layers.22.mlp.gate_proj.weight,4,False,0.008277720771729946,0.012461197562515736,0.283203125,0.6199386715888977,0.8680223822593689,3670016
model.layers.22.mlp.up_proj.weight,4,False,0.004320387262851,0.005843623541295528,0.11181640625,0.62479168176651,0.9043720960617065,3670016
model.layers.22.mlp.down_proj.weight,4,False,0.003948591183871031,0.005278526805341244,0.1142578125,0.6367464661598206,0.8995479345321655,3670016
model.layers.22.input_layernorm.weight,4,False,0.3865523338317871,0.39301738142967224,0.9609375,0.752227246761322,0.9906246066093445,1024
model.layers.22.post_attention_layernorm.weight,4,False,0.2678566575050354,0.2710876762866974,0.46484375,0.6771703362464905,0.994624137878418,1024
model.layers.23.self_attn.q_proj.weight,4,False,0.007402953691780567,0.011828293092548847,0.275390625,0.6273689866065979,0.849639892578125,4194304
model.layers.23.self_attn.k_proj.weight,4,False,0.004248168785125017,0.00660883029922843,0.1142578125,0.6546072363853455,0.8584778308868408,524288
model.layers.23.self_attn.v_proj.weight,4,False,0.00852644257247448,0.013768131844699383,0.4140625,0.627822995185852,0.8309004306793213,524288
model.layers.23.self_attn.o_proj.weight,4,False,0.006056101527065039,0.00961490161716938,0.14453125,0.6359179615974426,0.8592761754989624,2097152
model.layers.23.self_attn.q_norm.weight,4,False,0.32882118225097656,0.3797086477279663,1.0234375,0.6790408492088318,0.922937273979187,256
model.layers.23.self_attn.k_norm.weight,4,False,0.30994653701782227,0.3673381209373474,1.21875,0.6679507493972778,0.9143127799034119,256
model.layers.23.mlp.gate_proj.weight,4,False,0.009159808047115803,0.013632155023515224,0.38671875,0.6212568283081055,0.86481773853302,3670016
model.layers.23.mlp.up_proj.weight,4,False,0.004815512336790562,0.006736244540661573,0.11669921875,0.6197056174278259,0.9001820683479309,3670016
model.layers.23.mlp.down_proj.weight,4,False,0.0037062950432300568,0.005010274704545736,0.212890625,0.6498491168022156,0.8888345956802368,3670016
model.layers.23.input_layernorm.weight,4,False,0.14213061332702637,0.18113577365875244,0.65625,0.46807414293289185,0.9218920469284058,1024
model.layers.23.post_attention_layernorm.weight,4,False,0.1298666000366211,0.14288684725761414,0.6953125,0.48961174488067627,0.9735540747642517,1024
model.norm.weight,4,False,1.3985605239868164,1.4604008197784424,3.3125,0.4264962375164032,0.9918891787528992,1024
lm_head.weight,4,False,0.010024817660450935,0.014332196675240993,0.11669921875,0.6219444274902344,1.0,254279680
